Country,Region,happiness_score,gdp_per_capita,social_support,life_expectancy,freedom,generosity,corruption,year,happiness_rank,happiness_category,yoy_change
Switzerland,"Western Europe",7.587,1.39651,1.34951,0.94143,0.66557,0.29678,0.41978,2015,1,Happy,NULL
Iceland,"Western Europe",7.561,1.30232,1.40223,0.94784,0.62877,0.4363,0.14145,2015,2,Happy,NULL
Denmark,"Western Europe",7.527,1.32548,1.36058,0.87464,0.64938,0.34139,0.48357,2015,3,Happy,NULL
Norway,"Western Europe",7.522,1.459,1.33095,0.88521,0.66973,0.34699,0.36503,2015,4,Happy,NULL
Canada,"North America",7.427,1.32629,1.32261,0.90563,0.63297,0.45811,0.32957,2015,5,Happy,NULL
Finland,"Western Europe",7.406,1.29025,1.31826,0.88911,0.64169,0.23351,0.41372,2015,6,Happy,NULL
Netherlands,"Western Europe",7.378,1.32944,1.28017,0.89284,0.61576,0.4761,0.31814,2015,7,Happy,NULL
Sweden,"Western Europe",7.364,1.33171,1.28907,0.91087,0.6598,0.36262,0.43844,2015,8,Happy,NULL
"New Zealand","Australia and New Zealand",7.286,1.25018,1.31967,0.90837,0.63938,0.47501,0.42922,2015,9,Happy,NULL
Australia,"Australia and New Zealand",7.284,1.33358,1.30923,0.93156,0.65124,0.43562,0.35637,2015,10,Happy,NULL
Israel,"Middle East and Northern Africa",7.278,1.22857,1.22393,0.91387,0.41319,0.33172,0.07785,2015,11,Happy,NULL
"Costa Rica","Latin America and Caribbean",7.226,0.95578,1.23788,0.86027,0.63376,0.25497,0.10583,2015,12,Happy,NULL
Austria,"Western Europe",7.2,1.33723,1.29704,0.89042,0.62433,0.33088,0.18676,2015,13,Happy,NULL
Mexico,"Latin America and Caribbean",7.187,1.02054,0.91451,0.81444,0.48181,0.14074,0.21312,2015,14,Happy,NULL
"United States","North America",7.119,1.39451,1.24711,0.86179,0.54604,0.40105,0.1589,2015,15,Happy,NULL
Brazil,"Latin America and Caribbean",6.983,0.98124,1.23287,0.69702,0.49049,0.14574,0.17521,2015,16,Happy,NULL
Luxembourg,"Western Europe",6.946,1.56391,1.21963,0.91894,0.61583,0.28034,0.37798,2015,17,Happy,NULL
Ireland,"Western Europe",6.94,1.33596,1.36948,0.89533,0.61777,0.45901,0.28703,2015,18,Happy,NULL
Belgium,"Western Europe",6.937,1.30782,1.28566,0.89667,0.5845,0.2225,0.2254,2015,19,Happy,NULL
"United Arab Emirates","Middle East and Northern Africa",6.901,1.42727,1.12575,0.80925,0.64157,0.26428,0.38583,2015,20,Happy,NULL
"United Kingdom","Western Europe",6.867,1.26637,1.28548,0.90943,0.59625,0.51912,0.32067,2015,21,Happy,NULL
Oman,"Middle East and Northern Africa",6.853,1.36011,1.08182,0.76276,0.63274,0.21542,0.32524,2015,22,Happy,NULL
Venezuela,"Latin America and Caribbean",6.81,1.04424,1.25596,0.72052,0.42908,0.05841,0.11069,2015,23,Happy,NULL
Singapore,"Southeastern Asia",6.798,1.52186,1.02,1.02525,0.54252,0.31105,0.4921,2015,24,Happy,NULL
Panama,"Latin America and Caribbean",6.786,1.06353,1.1985,0.79661,0.5421,0.24434,0.0927,2015,25,Happy,NULL
Germany,"Western Europe",6.75,1.32792,1.29937,0.89186,0.61477,0.28214,0.21843,2015,26,Happy,NULL
Chile,"Latin America and Caribbean",6.67,1.10715,1.12447,0.85857,0.44132,0.33363,0.12869,2015,27,Happy,NULL
Qatar,"Middle East and Northern Africa",6.611,1.69042,1.0786,0.79733,0.6404,0.32573,0.52208,2015,28,Happy,NULL
France,"Western Europe",6.575,1.27778,1.26038,0.94579,0.55011,0.12332,0.20646,2015,29,Happy,NULL
Argentina,"Latin America and Caribbean",6.574,1.05351,1.24823,0.78723,0.44974,0.11451,0.08484,2015,30,Happy,NULL
"Czech Republic","Central and Eastern Europe",6.505,1.17898,1.20643,0.84483,0.46364,0.10686,0.02652,2015,31,Happy,NULL
Uruguay,"Latin America and Caribbean",6.485,1.06166,1.2089,0.8116,0.60362,0.2324,0.24558,2015,32,Happy,NULL
Colombia,"Latin America and Caribbean",6.477,0.91861,1.24018,0.69077,0.53466,0.18401,0.0512,2015,33,Happy,NULL
Thailand,"Southeastern Asia",6.455,0.9669,1.26504,0.7385,0.55664,0.5763,0.03187,2015,34,Happy,NULL
"Saudi Arabia","Middle East and Northern Africa",6.411,1.39541,1.08393,0.72025,0.31048,0.13706,0.32524,2015,35,Happy,NULL
Spain,"Western Europe",6.329,1.23011,1.31379,0.95562,0.45951,0.18227,0.06398,2015,36,Happy,NULL
Malta,"Western Europe",6.302,1.2074,1.30203,0.88721,0.60365,0.51752,0.13586,2015,37,Happy,NULL
Taiwan,"Eastern Asia",6.298,1.29098,1.07617,0.8753,0.3974,0.25376,0.08129,2015,38,Happy,NULL
Kuwait,"Middle East and Northern Africa",6.295,1.55422,1.16594,0.72492,0.55499,0.16228,0.25609,2015,39,Happy,NULL
Suriname,"Latin America and Caribbean",6.269,0.99534,0.972,0.6082,0.59657,0.16991,0.13633,2015,40,Happy,NULL
"Trinidad and Tobago","Latin America and Caribbean",6.168,1.21183,1.18354,0.61483,0.55884,0.31844,0.0114,2015,41,Happy,NULL
"El Salvador","Latin America and Caribbean",6.13,0.76454,1.02507,0.67737,0.4035,0.10692,0.11776,2015,42,Happy,NULL
Guatemala,"Latin America and Caribbean",6.123,0.74553,1.04356,0.64425,0.57733,0.27489,0.09472,2015,43,Happy,NULL
Uzbekistan,"Central and Eastern Europe",6.003,0.63244,1.34043,0.59772,0.65821,0.22837,0.30826,2015,44,Happy,NULL
Slovakia,"Central and Eastern Europe",5.995,1.16891,1.26999,0.78902,0.31751,0.16893,0.03431,2015,45,Neutral,NULL
Japan,"Eastern Asia",5.987,1.27074,1.25712,0.99111,0.49615,0.10705,0.1806,2015,46,Neutral,NULL
"South Korea","Eastern Asia",5.984,1.24461,0.95774,0.96538,0.33208,0.18557,0.07857,2015,47,Neutral,NULL
Ecuador,"Latin America and Caribbean",5.975,0.86402,0.99903,0.79075,0.48574,0.11541,0.1809,2015,48,Neutral,NULL
Bahrain,"Middle East and Northern Africa",5.96,1.32376,1.21624,0.74716,0.45492,0.17362,0.306,2015,49,Neutral,NULL
Italy,"Western Europe",5.948,1.25114,1.19777,0.95446,0.26236,0.22823,0.02901,2015,50,Neutral,NULL
Bolivia,"Latin America and Caribbean",5.89,0.68133,0.97841,0.5392,0.57414,0.20536,0.088,2015,51,Neutral,NULL
Moldova,"Central and Eastern Europe",5.889,0.59448,1.01528,0.61826,0.32818,0.20951,0.01615,2015,52,Neutral,NULL
Paraguay,"Latin America and Caribbean",5.878,0.75985,1.30477,0.66098,0.53899,0.3424,0.08242,2015,53,Neutral,NULL
Kazakhstan,"Central and Eastern Europe",5.855,1.12254,1.12241,0.64368,0.51649,0.11827,0.08454,2015,54,Neutral,NULL
Slovenia,"Central and Eastern Europe",5.848,1.18498,1.27385,0.87337,0.60855,0.25328,0.03787,2015,55,Neutral,NULL
Lithuania,"Central and Eastern Europe",5.833,1.14723,1.25745,0.73128,0.21342,0.02641,0.01031,2015,56,Neutral,NULL
Nicaragua,"Latin America and Caribbean",5.828,0.59325,1.14184,0.74314,0.55475,0.27815,0.19317,2015,57,Neutral,NULL
Peru,"Latin America and Caribbean",5.824,0.90019,0.97459,0.73017,0.41496,0.14982,0.05989,2015,58,Neutral,NULL
Belarus,"Central and Eastern Europe",5.813,1.03192,1.23289,0.73608,0.37938,0.11046,0.1909,2015,59,Neutral,NULL
Poland,"Central and Eastern Europe",5.791,1.12555,1.27948,0.77903,0.53122,0.16759,0.04212,2015,60,Neutral,NULL
Malaysia,"Southeastern Asia",5.77,1.12486,1.07023,0.72394,0.53024,0.33075,0.10501,2015,61,Neutral,NULL
Croatia,"Central and Eastern Europe",5.759,1.08254,0.79624,0.78805,0.25883,0.05444,0.0243,2015,62,Neutral,NULL
Libya,"Middle East and Northern Africa",5.754,1.13145,1.11862,0.7038,0.41668,0.18295,0.11023,2015,63,Neutral,NULL
Russia,"Central and Eastern Europe",5.716,1.13764,1.23617,0.66926,0.36679,0.00199,0.03005,2015,64,Neutral,NULL
Jamaica,"Latin America and Caribbean",5.709,0.81038,1.15102,0.68741,0.50442,0.2123,0.02299,2015,65,Neutral,NULL
"Northern Cyprus","Western Europe",5.695,1.20806,1.07008,0.92356,0.49027,0.26169,0.1428,2015,66,Neutral,NULL
Cyprus,"Western Europe",5.689,1.20813,0.89318,0.92356,0.40672,0.30638,0.06146,2015,67,Neutral,NULL
Algeria,"Middle East and Northern Africa",5.605,0.93929,1.07772,0.61766,0.28579,0.07822,0.17383,2015,68,Neutral,NULL
Kosovo,"Central and Eastern Europe",5.589,0.80148,0.81198,0.63132,0.24749,0.2831,0.04741,2015,69,Neutral,NULL
Turkmenistan,"Central and Eastern Europe",5.548,0.95847,1.22668,0.53886,0.4761,0.16979,0.30844,2015,70,Neutral,NULL
Mauritius,"Sub-Saharan Africa",5.477,1.00761,0.98521,0.7095,0.56066,0.37744,0.07521,2015,71,Neutral,NULL
"Hong Kong","Eastern Asia",5.474,1.38604,1.05818,1.01328,0.59608,0.39478,0.37124,2015,72,Neutral,NULL
Estonia,"Central and Eastern Europe",5.429,1.15174,1.22791,0.77361,0.44888,0.0868,0.15184,2015,73,Neutral,NULL
Indonesia,"Southeastern Asia",5.399,0.82827,1.08708,0.63793,0.46611,0.51535,0,2015,74,Neutral,NULL
Vietnam,"Southeastern Asia",5.36,0.63216,0.91226,0.74676,0.59444,0.1686,0.10441,2015,75,Neutral,NULL
Turkey,"Middle East and Northern Africa",5.332,1.06098,0.94632,0.73172,0.22815,0.12253,0.15746,2015,76,Neutral,NULL
Kyrgyzstan,"Central and Eastern Europe",5.286,0.47428,1.15115,0.65088,0.43477,0.3003,0.04232,2015,77,Neutral,NULL
Nigeria,"Sub-Saharan Africa",5.268,0.65435,0.90432,0.16007,0.34334,0.27233,0.0403,2015,78,Neutral,NULL
Bhutan,"Southern Asia",5.253,0.77042,1.10395,0.57407,0.53206,0.47998,0.15445,2015,79,Neutral,NULL
Azerbaijan,"Central and Eastern Europe",5.212,1.02389,0.93793,0.64045,0.3703,0.07799,0.16065,2015,80,Neutral,NULL
Pakistan,"Southern Asia",5.194,0.59543,0.41411,0.51466,0.12102,0.33671,0.10464,2015,81,Neutral,NULL
Jordan,"Middle East and Northern Africa",5.192,0.90198,1.05392,0.69639,0.40661,0.11053,0.14293,2015,82,Neutral,NULL
Montenegro,"Central and Eastern Europe",5.192,0.97438,0.90557,0.72521,0.1826,0.1614,0.14296,2015,82,Neutral,NULL
China,"Eastern Asia",5.14,0.89012,0.94675,0.81658,0.51697,0.08185,0.02781,2015,84,Neutral,NULL
Zambia,"Sub-Saharan Africa",5.129,0.47038,0.91612,0.29924,0.48827,0.19591,0.12468,2015,85,Neutral,NULL
Romania,"Central and Eastern Europe",5.124,1.04345,0.88588,0.7689,0.35068,0.13748,0.00649,2015,86,Neutral,NULL
Serbia,"Central and Eastern Europe",5.123,0.92053,1.00964,0.74836,0.20107,0.19231,0.02617,2015,87,Neutral,NULL
Portugal,"Western Europe",5.102,1.15991,1.13935,0.87519,0.51469,0.13719,0.01078,2015,88,Neutral,NULL
Latvia,"Central and Eastern Europe",5.098,1.11312,1.09562,0.72437,0.29671,0.18226,0.06332,2015,89,Neutral,NULL
Philippines,"Southeastern Asia",5.073,0.70532,1.03516,0.58114,0.62545,0.24991,0.12279,2015,90,Neutral,NULL
"Somaliland Region","Sub-Saharan Africa",5.057,0.18847,0.95152,0.43873,0.46582,0.50318,0.39928,2015,91,Neutral,NULL
Morocco,"Middle East and Northern Africa",5.013,0.73479,0.64095,0.60954,0.41691,0.07172,0.08546,2015,92,Neutral,NULL
"North Macedonia","Central and Eastern Europe",5.007,0.91851,1.00232,0.73545,0.33457,0.22359,0.05327,2015,93,Neutral,NULL
Mozambique,"Sub-Saharan Africa",4.971,0.08308,1.02626,0.09131,0.34037,0.22269,0.15603,2015,94,Neutral,NULL
Albania,"Central and Eastern Europe",4.959,0.87867,0.80434,0.81325,0.35733,0.14272,0.06413,2015,95,Neutral,NULL
"Bosnia and Herzegovina","Central and Eastern Europe",4.949,0.83223,0.91916,0.79081,0.09245,0.24808,0.00227,2015,96,Neutral,NULL
Lesotho,"Sub-Saharan Africa",4.898,0.37545,1.04103,0.07612,0.31767,0.16388,0.12504,2015,97,Neutral,NULL
"Dominican Republic","Latin America and Caribbean",4.885,0.89537,1.17202,0.66825,0.57672,0.21684,0.14234,2015,98,Neutral,NULL
Laos,"Southeastern Asia",4.876,0.59066,0.73803,0.54909,0.59591,0.42192,0.24249,2015,99,Neutral,NULL
Mongolia,"Eastern Asia",4.874,0.82819,1.3006,0.60268,0.43626,0.3323,0.02666,2015,100,Neutral,NULL
Swaziland,"Sub-Saharan Africa",4.867,0.71206,1.07284,0.07566,0.30658,0.18259,0.0306,2015,101,Neutral,NULL
Greece,"Western Europe",4.857,1.15406,0.92933,0.88213,0.07699,0,0.01397,2015,102,Neutral,NULL
Lebanon,"Middle East and Northern Africa",4.839,1.02564,0.80001,0.83947,0.33916,0.21854,0.04582,2015,103,Neutral,NULL
Hungary,"Central and Eastern Europe",4.8,1.12094,1.20215,0.75905,0.32112,0.128,0.02758,2015,104,Neutral,NULL
Honduras,"Latin America and Caribbean",4.788,0.59532,0.95348,0.6951,0.40148,0.23027,0.06825,2015,105,Neutral,NULL
Tajikistan,"Central and Eastern Europe",4.786,0.39047,0.85563,0.57379,0.47216,0.22974,0.15072,2015,106,Neutral,NULL
Tunisia,"Middle East and Northern Africa",4.739,0.88113,0.60429,0.73793,0.26268,0.06431,0.06358,2015,107,Neutral,NULL
"Palestinian Territories","Middle East and Northern Africa",4.715,0.59867,0.92558,0.66015,0.24499,0.11251,0.12905,2015,108,Neutral,NULL
Bangladesh,"Southern Asia",4.694,0.39753,0.43106,0.60164,0.4082,0.21222,0.12569,2015,109,Neutral,NULL
Iran,"Middle East and Northern Africa",4.686,1.0088,0.54447,0.69805,0.30033,0.38086,0.05863,2015,110,Neutral,NULL
Ukraine,"Central and Eastern Europe",4.681,0.79907,1.20278,0.6739,0.25123,0.15275,0.02961,2015,111,Neutral,NULL
Iraq,"Middle East and Northern Africa",4.677,0.98549,0.81889,0.60237,0,0.17922,0.13788,2015,112,Neutral,NULL
"South Africa","Sub-Saharan Africa",4.642,0.92049,1.18468,0.27688,0.33207,0.11973,0.08884,2015,113,Neutral,NULL
Ghana,"Sub-Saharan Africa",4.633,0.54558,0.67954,0.40132,0.42342,0.23087,0.04355,2015,114,Neutral,NULL
Zimbabwe,"Sub-Saharan Africa",4.61,0.271,1.03276,0.33475,0.25861,0.18987,0.08079,2015,115,Neutral,NULL
Liberia,"Sub-Saharan Africa",4.571,0.0712,0.78968,0.34201,0.28531,0.24362,0.06232,2015,116,Neutral,NULL
India,"Southern Asia",4.565,0.64499,0.38174,0.51529,0.39786,0.26475,0.08492,2015,117,Neutral,NULL
Sudan,"Sub-Saharan Africa",4.55,0.52107,1.01404,0.36878,0.10081,0.19062,0.1466,2015,118,Neutral,NULL
Haiti,"Latin America and Caribbean",4.518,0.26673,0.74302,0.38847,0.24425,0.46187,0.17175,2015,119,Neutral,NULL
"Congo (Kinshasa)","Sub-Saharan Africa",4.517,0,1.0012,0.09806,0.22605,0.24834,0.07625,2015,120,Neutral,NULL
Nepal,"Southern Asia",4.514,0.35997,0.86449,0.56874,0.38282,0.32296,0.05907,2015,121,Neutral,NULL
Ethiopia,"Sub-Saharan Africa",4.512,0.19073,0.60406,0.44055,0.4345,0.24325,0.15048,2015,122,Neutral,NULL
"Sierra Leone","Sub-Saharan Africa",4.507,0.33024,0.95571,0,0.4084,0.21488,0.08786,2015,123,Neutral,NULL
Mauritania,"Sub-Saharan Africa",4.436,0.45407,0.86908,0.35874,0.24232,0.219,0.17461,2015,124,Neutral,NULL
Kenya,"Sub-Saharan Africa",4.419,0.36471,0.99876,0.41435,0.42215,0.37542,0.05839,2015,125,Neutral,NULL
Djibouti,"Sub-Saharan Africa",4.369,0.44025,0.59207,0.36291,0.46074,0.18093,0.28105,2015,126,Neutral,NULL
Armenia,"Central and Eastern Europe",4.35,0.76821,0.77711,0.7299,0.19847,0.07855,0.039,2015,127,Neutral,NULL
Botswana,"Sub-Saharan Africa",4.332,0.99355,1.10464,0.04776,0.49495,0.10461,0.12474,2015,128,Neutral,NULL
Myanmar,"Southeastern Asia",4.307,0.27108,0.70905,0.48246,0.44017,0.79588,0.19034,2015,129,Neutral,NULL
Georgia,"Central and Eastern Europe",4.297,0.7419,0.38562,0.72926,0.40577,0.05547,0.38331,2015,130,Neutral,NULL
Malawi,"Sub-Saharan Africa",4.292,0.01604,0.41134,0.22562,0.43054,0.33128,0.06977,2015,131,Neutral,NULL
"Sri Lanka","Southern Asia",4.271,0.83524,1.01905,0.70806,0.53726,0.40828,0.09179,2015,132,Neutral,NULL
Cameroon,"Sub-Saharan Africa",4.252,0.4225,0.88767,0.23402,0.49309,0.20618,0.05786,2015,133,Neutral,NULL
Bulgaria,"Central and Eastern Europe",4.218,1.01216,1.10614,0.76649,0.30587,0.11921,0.00872,2015,134,Neutral,NULL
Egypt,"Middle East and Northern Africa",4.194,0.8818,0.747,0.61712,0.17288,0.11291,0.06324,2015,135,Neutral,NULL
Yemen,"Middle East and Northern Africa",4.077,0.54649,0.68093,0.40064,0.35571,0.09131,0.07854,2015,136,Neutral,NULL
Angola,"Sub-Saharan Africa",4.033,0.75778,0.8604,0.16683,0.10384,0.12344,0.07122,2015,137,Neutral,NULL
Mali,"Sub-Saharan Africa",3.995,0.26074,1.03526,0.20583,0.38857,0.18798,0.12352,2015,138,Unhappy,NULL
"Congo (Brazzaville)","Sub-Saharan Africa",3.989,0.67866,0.6629,0.31051,0.41466,0.12388,0.11686,2015,139,Unhappy,NULL
Comoros,"Sub-Saharan Africa",3.956,0.23906,0.79273,0.36315,0.22917,0.17441,0.199,2015,140,Unhappy,NULL
Uganda,"Sub-Saharan Africa",3.931,0.21102,1.13299,0.33861,0.45727,0.29066,0.07267,2015,141,Unhappy,NULL
Senegal,"Sub-Saharan Africa",3.904,0.36498,0.97619,0.4354,0.36772,0.20843,0.10713,2015,142,Unhappy,NULL
Gabon,"Sub-Saharan Africa",3.896,1.06024,0.90528,0.43372,0.31914,0.06822,0.11091,2015,143,Unhappy,NULL
Niger,"Sub-Saharan Africa",3.845,0.0694,0.77265,0.29707,0.47692,0.19387,0.15639,2015,144,Unhappy,NULL
Cambodia,"Southeastern Asia",3.819,0.46038,0.62736,0.61114,0.66246,0.40359,0.07247,2015,145,Unhappy,NULL
Tanzania,"Sub-Saharan Africa",3.781,0.2852,1.00268,0.38215,0.32878,0.34377,0.05747,2015,146,Unhappy,NULL
Madagascar,"Sub-Saharan Africa",3.681,0.20824,0.66801,0.46721,0.19184,0.21333,0.08124,2015,147,Unhappy,NULL
"Central African Republic","Sub-Saharan Africa",3.678,0.0785,0,0.06699,0.48879,0.23835,0.08289,2015,148,Unhappy,NULL
Chad,"Sub-Saharan Africa",3.667,0.34193,0.76062,0.1501,0.23501,0.18386,0.05269,2015,149,Unhappy,NULL
Guinea,"Sub-Saharan Africa",3.656,0.17417,0.46475,0.24009,0.37725,0.28657,0.12139,2015,150,Unhappy,NULL
"Ivory Coast","Sub-Saharan Africa",3.655,0.46534,0.77115,0.15185,0.46866,0.20165,0.17922,2015,151,Unhappy,NULL
"Burkina Faso","Sub-Saharan Africa",3.587,0.25812,0.85188,0.27125,0.39493,0.21747,0.12832,2015,152,Unhappy,NULL
Afghanistan,"Southern Asia",3.575,0.31982,0.30285,0.30335,0.23414,0.3651,0.09719,2015,153,Unhappy,NULL
Rwanda,"Sub-Saharan Africa",3.465,0.22208,0.7737,0.42864,0.59201,0.22628,0.55191,2015,154,Unhappy,NULL
Benin,"Sub-Saharan Africa",3.34,0.28665,0.35386,0.3191,0.4845,0.1826,0.0801,2015,155,Unhappy,NULL
Syria,"Middle East and Northern Africa",3.006,0.6632,0.47489,0.72193,0.15684,0.47179,0.18906,2015,156,Unhappy,NULL
Burundi,"Sub-Saharan Africa",2.905,0.0153,0.41587,0.22396,0.1185,0.19727,0.10062,2015,157,Unhappy,NULL
Togo,"Sub-Saharan Africa",2.839,0.20868,0.13995,0.28443,0.36453,0.16681,0.10731,2015,158,Unhappy,NULL
Denmark,"Western Europe",7.526,1.44178,1.16374,0.79504,0.57941,0.36171,0.44453,2016,1,Happy,-0.001
Switzerland,"Western Europe",7.509,1.52733,1.14524,0.86303,0.58557,0.28083,0.41203,2016,2,Happy,-0.078
Iceland,"Western Europe",7.501,1.42666,1.18326,0.86733,0.56624,0.47678,0.14975,2016,3,Happy,-0.06
Norway,"Western Europe",7.498,1.57744,1.1269,0.79579,0.59609,0.37895,0.35776,2016,4,Happy,-0.024
Finland,"Western Europe",7.413,1.40598,1.13464,0.81091,0.57104,0.25492,0.41004,2016,5,Happy,0.007
Canada,"North America",7.404,1.44015,1.0961,0.8276,0.5737,0.44834,0.31329,2016,6,Happy,-0.023
Netherlands,"Western Europe",7.339,1.46468,1.02912,0.81231,0.55211,0.47416,0.29927,2016,7,Happy,-0.039
"New Zealand","Australia and New Zealand",7.334,1.36066,1.17278,0.83096,0.58147,0.49401,0.41904,2016,8,Happy,0.048
Australia,"Australia and New Zealand",7.313,1.44443,1.10476,0.8512,0.56837,0.47407,0.32331,2016,9,Happy,0.029
Sweden,"Western Europe",7.291,1.45181,1.08764,0.83121,0.58218,0.38254,0.40867,2016,10,Happy,-0.073
Israel,"Middle East and Northern Africa",7.267,1.33766,0.99537,0.84917,0.36432,0.32288,0.08728,2016,11,Happy,-0.011
Austria,"Western Europe",7.119,1.45038,1.08383,0.80565,0.54355,0.32865,0.21348,2016,12,Happy,-0.081
"United States","North America",7.104,1.50796,1.04782,0.779,0.48163,0.41077,0.14868,2016,13,Happy,-0.015
"Costa Rica","Latin America and Caribbean",7.087,1.06879,1.02152,0.76146,0.55225,0.22553,0.10547,2016,14,Happy,-0.139
"Puerto Rico","Latin America and Caribbean",7.039,1.35943,1.08113,0.77758,0.46823,0.22202,0.12275,2016,15,Happy,NULL
Germany,"Western Europe",6.994,1.44787,1.09774,0.81487,0.53466,0.30452,0.28551,2016,16,Happy,0.244
Brazil,"Latin America and Caribbean",6.952,1.08754,1.03938,0.61415,0.40425,0.15776,0.14166,2016,17,Happy,-0.031
Belgium,"Western Europe",6.929,1.42539,1.05249,0.81959,0.51354,0.2424,0.26248,2016,18,Happy,-0.008
Ireland,"Western Europe",6.907,1.48341,1.16157,0.81455,0.54008,0.44963,0.29754,2016,19,Happy,-0.033
Luxembourg,"Western Europe",6.871,1.69752,1.03999,0.84542,0.5487,0.27571,0.35329,2016,20,Happy,-0.075
Mexico,"Latin America and Caribbean",6.778,1.11508,0.7146,0.71143,0.37709,0.11735,0.18355,2016,21,Happy,-0.409
Singapore,"Southeastern Asia",6.739,1.64555,0.86758,0.94719,0.4877,0.32706,0.46987,2016,22,Happy,-0.059
"United Kingdom","Western Europe",6.725,1.40283,1.08672,0.80991,0.50036,0.50156,0.27399,2016,23,Happy,-0.142
Chile,"Latin America and Caribbean",6.705,1.2167,0.90587,0.81883,0.37789,0.31595,0.11451,2016,24,Happy,0.035
Panama,"Latin America and Caribbean",6.701,1.18306,0.98912,0.70835,0.48927,0.2418,0.08423,2016,25,Happy,-0.085
Argentina,"Latin America and Caribbean",6.65,1.15137,1.06612,0.69711,0.42284,0.10989,0.07296,2016,26,Happy,0.076
"Czech Republic","Central and Eastern Europe",6.596,1.30915,1.00793,0.76376,0.41418,0.09929,0.03986,2016,27,Happy,0.091
"United Arab Emirates","Middle East and Northern Africa",6.573,1.57352,0.87114,0.72993,0.56215,0.26591,0.35561,2016,28,Happy,-0.328
Uruguay,"Latin America and Caribbean",6.545,1.18157,1.03143,0.72183,0.54388,0.18056,0.21394,2016,29,Happy,0.06
Malta,"Western Europe",6.488,1.30782,1.09879,0.80315,0.54994,0.56237,0.17554,2016,30,Happy,0.186
Colombia,"Latin America and Caribbean",6.481,1.03032,1.02169,0.59659,0.44735,0.15626,0.05399,2016,31,Happy,0.004
France,"Western Europe",6.478,1.39488,1.00508,0.83795,0.46562,0.1216,0.17808,2016,32,Happy,-0.097
Thailand,"Southeastern Asia",6.474,1.0893,1.04477,0.64915,0.49553,0.58696,0.02833,2016,33,Happy,0.019
"Saudi Arabia","Middle East and Northern Africa",6.379,1.48953,0.84829,0.59267,0.37904,0.15457,0.30008,2016,34,Happy,-0.032
Taiwan,"Eastern Asia",6.379,1.39729,0.92624,0.79565,0.32377,0.25495,0.0663,2016,34,Happy,0.081
Qatar,"Middle East and Northern Africa",6.375,1.82427,0.87964,0.71723,0.56679,0.32388,0.48049,2016,36,Happy,-0.236
Spain,"Western Europe",6.361,1.34253,1.12945,0.87896,0.37545,0.17665,0.06137,2016,37,Happy,0.032
Algeria,"Middle East and Northern Africa",6.355,1.05266,0.83309,0.61804,0.21006,0.07044,0.16157,2016,38,Happy,0.75
Guatemala,"Latin America and Caribbean",6.324,0.83454,0.87119,0.54039,0.50379,0.28808,0.08701,2016,39,Happy,0.201
Suriname,"Latin America and Caribbean",6.269,1.09686,0.77866,0.50933,0.52234,0.16665,0.12692,2016,40,Happy,0
Kuwait,"Middle East and Northern Africa",6.239,1.61714,0.87758,0.63569,0.43166,0.15965,0.23669,2016,41,Happy,-0.056
Bahrain,"Middle East and Northern Africa",6.218,1.44024,0.94397,0.65696,0.47375,0.17147,0.25772,2016,42,Happy,0.258
"Trinidad and Tobago","Latin America and Caribbean",6.168,1.32572,0.98569,0.52608,0.48453,0.31935,0.01241,2016,43,Happy,0
Venezuela,"Latin America and Caribbean",6.084,1.13367,1.03302,0.61904,0.19847,0.0425,0.08304,2016,44,Happy,-0.726
Slovakia,"Central and Eastern Europe",6.078,1.27973,1.08268,0.70367,0.23391,0.13837,0.02947,2016,45,Happy,0.083
"El Salvador","Latin America and Caribbean",6.068,0.8737,0.80975,0.596,0.37269,0.08877,0.10613,2016,46,Happy,-0.062
Malaysia,"Southeastern Asia",6.005,1.25142,0.88025,0.62366,0.39031,0.41474,0.09081,2016,47,Happy,0.235
Nicaragua,"Latin America and Caribbean",5.992,0.69384,0.89521,0.65213,0.46582,0.29773,0.16292,2016,48,Neutral,0.164
Uzbekistan,"Central and Eastern Europe",5.987,0.73591,1.1681,0.50163,0.60848,0.34326,0.28333,2016,49,Neutral,-0.016
Italy,"Western Europe",5.977,1.35495,1.04167,0.85102,0.18827,0.16684,0.02556,2016,50,Neutral,0.029
Ecuador,"Latin America and Caribbean",5.976,0.97306,0.85974,0.68613,0.4027,0.10074,0.18037,2016,51,Neutral,0.001
Belize,"Latin America and Caribbean",5.956,0.87616,0.68655,0.45569,0.51231,0.23684,0.10771,2016,52,Neutral,NULL
Japan,"Eastern Asia",5.921,1.38007,1.06054,0.91491,0.46761,0.10224,0.18985,2016,53,Neutral,-0.066
Kazakhstan,"Central and Eastern Europe",5.919,1.22943,0.95544,0.57386,0.4052,0.15011,0.11132,2016,54,Neutral,0.064
Moldova,"Central and Eastern Europe",5.897,0.69177,0.83132,0.52309,0.25202,0.19997,0.01903,2016,55,Neutral,0.008
Russia,"Central and Eastern Europe",5.856,1.23228,1.05261,0.58991,0.32682,0.02736,0.03586,2016,56,Neutral,0.14
Poland,"Central and Eastern Europe",5.835,1.24585,1.04685,0.69058,0.4519,0.14443,0.055,2016,57,Neutral,0.044
"South Korea","Eastern Asia",5.835,1.35948,0.72194,0.88645,0.25168,0.18824,0.07716,2016,57,Neutral,-0.149
Bolivia,"Latin America and Caribbean",5.822,0.79422,0.83779,0.4697,0.50961,0.21698,0.07746,2016,59,Neutral,-0.068
Lithuania,"Central and Eastern Europe",5.813,1.2692,1.06411,0.64674,0.18929,0.02025,0.0182,2016,60,Neutral,-0.02
Belarus,"Central and Eastern Europe",5.802,1.13062,1.04993,0.63104,0.29091,0.13942,0.17457,2016,61,Neutral,-0.011
"Northern Cyprus","Western Europe",5.771,1.31141,0.81826,0.84142,0.43596,0.26322,0.16578,2016,62,Neutral,0.076
Slovenia,"Central and Eastern Europe",5.768,1.29947,1.05613,0.79151,0.53164,0.25738,0.03635,2016,63,Neutral,-0.08
Peru,"Latin America and Caribbean",5.743,0.99602,0.81255,0.62994,0.37502,0.14527,0.05292,2016,64,Neutral,-0.081
Turkmenistan,"Central and Eastern Europe",5.658,1.08017,1.03817,0.44006,0.37408,0.22567,0.28467,2016,65,Neutral,0.11
Mauritius,"Sub-Saharan Africa",5.648,1.14372,0.75695,0.66189,0.46145,0.36951,0.05203,2016,66,Neutral,0.171
Libya,"Middle East and Northern Africa",5.615,1.06688,0.95076,0.52304,0.40672,0.17087,0.10339,2016,67,Neutral,-0.139
Latvia,"Central and Eastern Europe",5.56,1.21788,0.95025,0.63952,0.27996,0.17445,0.0889,2016,68,Neutral,0.462
Cyprus,"Western Europe",5.546,1.31857,0.70697,0.8488,0.29507,0.27906,0.05228,2016,69,Neutral,-0.143
Paraguay,"Latin America and Caribbean",5.538,0.89373,1.11111,0.58295,0.46235,0.25296,0.07396,2016,70,Neutral,-0.34
Romania,"Central and Eastern Europe",5.528,1.1697,0.72803,0.67602,0.36712,0.12889,0.00679,2016,71,Neutral,0.404
Estonia,"Central and Eastern Europe",5.517,1.27964,1.05163,0.68098,0.41511,0.08423,0.18519,2016,72,Neutral,0.088
Jamaica,"Latin America and Caribbean",5.51,0.89333,0.96372,0.59469,0.43597,0.22245,0.04294,2016,73,Neutral,-0.199
Croatia,"Central and Eastern Europe",5.488,1.18649,0.60809,0.70524,0.23907,0.18434,0.04002,2016,74,Neutral,-0.271
"Hong Kong","Eastern Asia",5.458,1.5107,0.87021,0.95277,0.48079,0.40097,0.31647,2016,75,Neutral,-0.016
Somalia,"Sub-Saharan Africa",5.44,0,0.33613,0.11466,0.56778,0.27225,0.3118,2016,76,Neutral,NULL
Kosovo,"Central and Eastern Europe",5.401,0.90145,0.66062,0.54,0.14396,0.27992,0.06547,2016,77,Neutral,-0.188
Turkey,"Middle East and Northern Africa",5.389,1.16492,0.87717,0.64718,0.23889,0.04707,0.12348,2016,78,Neutral,0.057
Indonesia,"Southeastern Asia",5.314,0.95104,0.87625,0.49374,0.39237,0.56521,0.00322,2016,79,Neutral,-0.085
Jordan,"Middle East and Northern Africa",5.303,0.99673,0.86216,0.60712,0.36023,0.14262,0.13297,2016,80,Neutral,0.111
Azerbaijan,"Central and Eastern Europe",5.291,1.12373,0.76042,0.54504,0.35327,0.0564,0.17914,2016,81,Neutral,0.079
Philippines,"Southeastern Asia",5.279,0.81217,0.87877,0.47036,0.54854,0.21674,0.11757,2016,82,Neutral,0.206
China,"Eastern Asia",5.245,1.0278,0.79381,0.73561,0.44012,0.04959,0.02745,2016,83,Neutral,0.105
Bhutan,"Southern Asia",5.196,0.8527,0.90836,0.49759,0.46074,0.48546,0.1616,2016,84,Neutral,-0.057
Kyrgyzstan,"Central and Eastern Europe",5.185,0.56044,0.95434,0.55449,0.40212,0.38432,0.04762,2016,85,Neutral,-0.101
Serbia,"Central and Eastern Europe",5.177,1.03437,0.81329,0.6458,0.15718,0.20737,0.04339,2016,86,Neutral,0.054
"Bosnia and Herzegovina","Central and Eastern Europe",5.163,0.93383,0.64367,0.70766,0.09511,0.29889,0,2016,87,Neutral,0.214
Montenegro,"Central and Eastern Europe",5.161,1.07838,0.74173,0.63533,0.15111,0.17191,0.12721,2016,88,Neutral,-0.031
"Dominican Republic","Latin America and Caribbean",5.155,1.02787,0.99496,0.57669,0.52259,0.21286,0.12372,2016,89,Neutral,0.27
Morocco,"Middle East and Northern Africa",5.151,0.84058,0.38595,0.59471,0.25646,0.04053,0.08404,2016,90,Neutral,0.138
Hungary,"Central and Eastern Europe",5.145,1.24142,0.93164,0.67608,0.1977,0.099,0.04472,2016,91,Neutral,0.345
Pakistan,"Southern Asia",5.132,0.68816,0.26135,0.40306,0.14622,0.31185,0.1388,2016,92,Neutral,-0.062
Lebanon,"Middle East and Northern Africa",5.129,1.12268,0.64184,0.76171,0.26228,0.23693,0.03061,2016,93,Neutral,0.29
Portugal,"Western Europe",5.123,1.27607,0.94367,0.79363,0.44727,0.11691,0.01521,2016,94,Neutral,0.021
"North Macedonia","Central and Eastern Europe",5.121,1.0193,0.78236,0.64738,0.27668,0.23507,0.07047,2016,95,Neutral,0.114
Vietnam,"Southeastern Asia",5.061,0.74037,0.79117,0.66157,0.55954,0.25075,0.11556,2016,96,Neutral,-0.299
"Somaliland Region","Sub-Saharan Africa",5.057,0.25558,0.75862,0.33108,0.3913,0.51479,0.36794,2016,97,Neutral,0
Tunisia,"Middle East and Northern Africa",5.045,0.97724,0.43165,0.59577,0.23553,0.03936,0.0817,2016,98,Neutral,0.306
Greece,"Western Europe",5.033,1.24886,0.75473,0.80029,0.05822,0,0.04127,2016,99,Neutral,0.176
Tajikistan,"Central and Eastern Europe",4.996,0.48835,0.75602,0.53119,0.43408,0.25998,0.13509,2016,100,Neutral,0.21
Mongolia,"Eastern Asia",4.907,0.98853,1.08983,0.55469,0.35972,0.34539,0.03285,2016,101,Neutral,0.033
Laos,"Southeastern Asia",4.876,0.68042,0.5497,0.38291,0.52168,0.43079,0.22423,2016,102,Neutral,0
Nigeria,"Sub-Saharan Africa",4.875,0.75216,0.64498,0.05108,0.27854,0.23219,0.0305,2016,103,Neutral,-0.393
Honduras,"Latin America and Caribbean",4.871,0.69429,0.75596,0.58383,0.26755,0.2044,0.06906,2016,104,Neutral,0.083
Iran,"Middle East and Northern Africa",4.813,1.11758,0.38857,0.64232,0.22544,0.38538,0.0557,2016,105,Neutral,0.127
Zambia,"Sub-Saharan Africa",4.795,0.61202,0.6376,0.23573,0.42662,0.17866,0.11479,2016,106,Neutral,-0.334
Nepal,"Southern Asia",4.793,0.44626,0.69699,0.50073,0.37012,0.3816,0.07008,2016,107,Neutral,0.279
"Palestinian Territories","Middle East and Northern Africa",4.754,0.67024,0.71629,0.56844,0.17744,0.11154,0.10613,2016,108,Neutral,0.039
Albania,"Central and Eastern Europe",4.655,0.9553,0.50163,0.73007,0.31866,0.1684,0.05301,2016,109,Neutral,-0.304
Bangladesh,"Southern Asia",4.643,0.54177,0.24749,0.52989,0.39778,0.19132,0.12583,2016,110,Neutral,-0.051
"Sierra Leone","Sub-Saharan Africa",4.635,0.36485,0.628,0,0.30685,0.23897,0.08196,2016,111,Neutral,0.128
Iraq,"Middle East and Northern Africa",4.575,1.07474,0.59205,0.51076,0.24856,0.19589,0.13636,2016,112,Neutral,-0.102
Namibia,"Sub-Saharan Africa",4.574,0.93287,0.70362,0.34745,0.48614,0.07795,0.10398,2016,113,Neutral,NULL
Cameroon,"Sub-Saharan Africa",4.513,0.52497,0.62542,0.12698,0.42736,0.2268,0.06126,2016,114,Neutral,0.261
Ethiopia,"Sub-Saharan Africa",4.508,0.29283,0.37932,0.34578,0.36703,0.29522,0.1717,2016,115,Neutral,-0.004
"South Africa","Sub-Saharan Africa",4.459,1.02416,0.96053,0.18611,0.42483,0.13656,0.08415,2016,116,Neutral,-0.183
"Sri Lanka","Southern Asia",4.415,0.97318,0.84783,0.62007,0.50817,0.46978,0.07964,2016,117,Neutral,0.144
India,"Southern Asia",4.404,0.74036,0.29247,0.45091,0.40285,0.25028,0.08722,2016,118,Neutral,-0.161
Myanmar,"Southeastern Asia",4.395,0.34112,0.69981,0.3988,0.42692,0.81971,0.20243,2016,119,Neutral,0.088
Egypt,"Middle East and Northern Africa",4.362,0.95395,0.49813,0.52116,0.18847,0.12706,0.10393,2016,120,Neutral,0.168
Armenia,"Central and Eastern Europe",4.36,0.86086,0.62477,0.64083,0.14037,0.07793,0.03616,2016,121,Neutral,0.01
Kenya,"Sub-Saharan Africa",4.356,0.52267,0.7624,0.30147,0.40576,0.41328,0.06686,2016,122,Neutral,-0.063
Ukraine,"Central and Eastern Europe",4.324,0.87287,1.01413,0.58628,0.12859,0.20363,0.01829,2016,123,Neutral,-0.357
Ghana,"Sub-Saharan Africa",4.276,0.63107,0.49353,0.29681,0.40973,0.21203,0.0326,2016,124,Neutral,-0.357
"Congo (Kinshasa)","Sub-Saharan Africa",4.272,0.05661,0.80676,0.188,0.15602,0.25458,0.06075,2016,125,Neutral,-0.245
Georgia,"Central and Eastern Europe",4.252,0.83792,0.19249,0.64035,0.32461,0.06786,0.3188,2016,126,Neutral,-0.045
"Congo (Brazzaville)","Sub-Saharan Africa",4.236,0.77109,0.47799,0.28212,0.37938,0.12077,0.09753,2016,127,Neutral,0.247
Senegal,"Sub-Saharan Africa",4.219,0.44314,0.77416,0.40457,0.31056,0.19103,0.11681,2016,128,Neutral,0.315
Bulgaria,"Central and Eastern Europe",4.217,1.11306,0.92542,0.67806,0.21219,0.12793,0.00615,2016,129,Neutral,-0.001
Mauritania,"Sub-Saharan Africa",4.201,0.61391,0.84142,0.28639,0.1268,0.22686,0.17955,2016,130,Neutral,-0.235
Zimbabwe,"Sub-Saharan Africa",4.193,0.35041,0.71478,0.1595,0.25429,0.18503,0.08582,2016,131,Neutral,-0.417
Malawi,"Sub-Saharan Africa",4.156,0.08709,0.147,0.29364,0.4143,0.30968,0.07564,2016,132,Neutral,-0.136
Sudan,"Sub-Saharan Africa",4.139,0.63069,0.81928,0.29759,0,0.18077,0.10039,2016,133,Neutral,-0.411
Gabon,"Sub-Saharan Africa",4.121,1.15851,0.72368,0.3494,0.28098,0.06244,0.09314,2016,134,Neutral,0.225
Mali,"Sub-Saharan Africa",4.073,0.31292,0.86333,0.16347,0.27544,0.21064,0.13647,2016,135,Neutral,0.078
Haiti,"Latin America and Caribbean",4.028,0.34097,0.29561,0.27494,0.12072,0.47958,0.14476,2016,136,Neutral,-0.49
Botswana,"Sub-Saharan Africa",3.974,1.09426,0.89186,0.34752,0.44089,0.12425,0.10769,2016,137,Unhappy,-0.358
Comoros,"Sub-Saharan Africa",3.956,0.27509,0.60323,0.29981,0.15412,0.1827,0.18437,2016,138,Unhappy,0
"Ivory Coast","Sub-Saharan Africa",3.916,0.55507,0.57576,0.04476,0.40663,0.20338,0.1553,2016,139,Unhappy,0.261
Cambodia,"Southeastern Asia",3.907,0.55604,0.5375,0.42494,0.58852,0.40339,0.08092,2016,140,Unhappy,0.088
Angola,"Sub-Saharan Africa",3.866,0.84731,0.66366,0.04991,0.00589,0.12071,0.08434,2016,141,Unhappy,-0.167
Niger,"Sub-Saharan Africa",3.856,0.1327,0.6053,0.26162,0.38041,0.2097,0.17176,2016,142,Unhappy,0.011
"South Sudan","Sub-Saharan Africa",3.832,0.39394,0.18519,0.15781,0.19662,0.25899,0.13015,2016,143,Unhappy,NULL
Chad,"Sub-Saharan Africa",3.763,0.42214,0.63178,0.03824,0.12807,0.18667,0.04952,2016,144,Unhappy,0.096
"Burkina Faso","Sub-Saharan Africa",3.739,0.31995,0.63054,0.21297,0.3337,0.24353,0.12533,2016,145,Unhappy,0.152
Uganda,"Sub-Saharan Africa",3.739,0.34719,0.90981,0.19625,0.43653,0.27102,0.06442,2016,145,Unhappy,-0.192
Yemen,"Middle East and Northern Africa",3.724,0.57939,0.47493,0.31048,0.2287,0.09821,0.05892,2016,147,Unhappy,-0.353
Madagascar,"Sub-Saharan Africa",3.695,0.27954,0.46115,0.37109,0.13684,0.2204,0.07506,2016,148,Unhappy,0.014
Tanzania,"Sub-Saharan Africa",3.666,0.47155,0.77623,0.357,0.3176,0.31472,0.05099,2016,149,Unhappy,-0.115
Liberia,"Sub-Saharan Africa",3.622,0.10706,0.50353,0.23165,0.25748,0.24063,0.04852,2016,150,Unhappy,-0.949
Guinea,"Sub-Saharan Africa",3.607,0.22415,0.3109,0.18829,0.30953,0.29914,0.1192,2016,151,Unhappy,-0.049
Rwanda,"Sub-Saharan Africa",3.515,0.32846,0.61586,0.31865,0.5432,0.23552,0.50521,2016,152,Unhappy,0.05
Benin,"Sub-Saharan Africa",3.484,0.39499,0.10419,0.21028,0.39747,0.2018,0.06681,2016,153,Unhappy,0.144
Afghanistan,"Southern Asia",3.36,0.38227,0.11037,0.17344,0.1643,0.31268,0.07112,2016,154,Unhappy,-0.215
Togo,"Sub-Saharan Africa",3.303,0.28123,0,0.24811,0.34678,0.17517,0.11587,2016,155,Unhappy,0.464
Syria,"Middle East and Northern Africa",3.069,0.74719,0.14866,0.62994,0.06912,0.48397,0.17233,2016,156,Unhappy,0.063
Burundi,"Sub-Saharan Africa",2.905,0.06831,0.23442,0.15747,0.0432,0.2029,0.09419,2016,157,Unhappy,0
Norway,"Western Europe",7.53700017929077,1.61646318435669,1.53352355957031,0.796666502952576,0.635422587394714,0.36201223731041,0.315963834524155,2017,1,Happy,0.039
Denmark,"Western Europe",7.52199983596802,1.48238301277161,1.55112159252167,0.792565524578094,0.626006722450256,0.355280488729477,0.40077006816864,2017,2,Happy,-0.004
Iceland,"Western Europe",7.50400018692017,1.480633020401,1.6105740070343,0.833552122116089,0.627162635326385,0.475540220737457,0.153526559472084,2017,3,Happy,0.003
Switzerland,"Western Europe",7.49399995803833,1.56497955322266,1.51691174507141,0.858131289482117,0.620070576667786,0.290549278259277,0.367007285356522,2017,4,Happy,-0.015
Finland,"Western Europe",7.4689998626709,1.44357192516327,1.5402467250824,0.80915766954422,0.617950856685638,0.24548277258873,0.38261154294014,2017,5,Happy,0.056
Netherlands,"Western Europe",7.3769998550415,1.50394463539124,1.42893922328949,0.810696125030518,0.585384488105774,0.470489829778671,0.282661825418472,2017,6,Happy,0.038
Canada,"North America",7.31599998474121,1.47920441627502,1.48134899139404,0.83455765247345,0.611100912094116,0.435539722442627,0.287371516227722,2017,7,Happy,-0.088
"New Zealand","Australia and New Zealand",7.31400012969971,1.40570604801178,1.54819512367249,0.816759705543518,0.614062130451202,0.500005125999451,0.382816702127457,2017,8,Happy,-0.02
Sweden,"Western Europe",7.28399991989136,1.49438726902008,1.47816216945648,0.830875158309937,0.612924098968506,0.385399252176285,0.384398728609085,2017,9,Happy,-0.007
Australia,"Australia and New Zealand",7.28399991989136,1.484414935112,1.51004195213318,0.84388679265976,0.601607382297516,0.477699249982834,0.301183730363846,2017,9,Happy,-0.029
Israel,"Middle East and Northern Africa",7.21299982070923,1.37538242340088,1.37628996372223,0.83840399980545,0.405988603830338,0.330082654953003,0.0852421000599861,2017,11,Happy,-0.054
"Costa Rica","Latin America and Caribbean",7.0789999961853,1.10970628261566,1.41640365123749,0.759509265422821,0.580131649971008,0.214613229036331,0.100106589496136,2017,12,Happy,-0.008
Austria,"Western Europe",7.00600004196167,1.48709726333618,1.4599449634552,0.815328419208527,0.567766189575195,0.316472321748734,0.221060365438461,2017,13,Happy,-0.113
"United States","North America",6.99300003051758,1.54625928401947,1.41992056369781,0.77428662776947,0.505740523338318,0.392578780651093,0.135638788342476,2017,14,Happy,-0.111
Ireland,"Western Europe",6.97700023651123,1.53570663928986,1.55823111534119,0.80978262424469,0.573110342025757,0.42785832285881,0.29838815331459,2017,15,Happy,0.07
Germany,"Western Europe",6.95100021362305,1.48792338371277,1.47252035140991,0.798950731754303,0.562511384487152,0.336269170045853,0.276731938123703,2017,16,Happy,-0.043
Belgium,"Western Europe",6.89099979400635,1.46378076076508,1.46231269836426,0.818091869354248,0.539770722389221,0.231503337621689,0.251343131065369,2017,17,Happy,-0.038
Luxembourg,"Western Europe",6.86299991607666,1.74194359779358,1.45758366584778,0.845089495182037,0.59662789106369,0.283180981874466,0.31883442401886,2017,18,Happy,-0.008
"United Kingdom","Western Europe",6.71400022506714,1.44163393974304,1.49646008014679,0.805335938930511,0.508190035820007,0.492774158716202,0.265428066253662,2017,19,Happy,-0.011
Chile,"Latin America and Caribbean",6.65199995040894,1.25278460979462,1.28402495384216,0.819479703903198,0.376895278692245,0.326662421226501,0.0822879821062088,2017,20,Happy,-0.053
"United Arab Emirates","Middle East and Northern Africa",6.64799976348877,1.62634336948395,1.26641023159027,0.726798236370087,0.60834527015686,0.3609419465065,0.324489563703537,2017,21,Happy,0.075
Brazil,"Latin America and Caribbean",6.63500022888184,1.10735321044922,1.43130600452423,0.616552352905273,0.437453746795654,0.16234989464283,0.111092761158943,2017,22,Happy,-0.317
"Czech Republic","Central and Eastern Europe",6.60900020599365,1.35268235206604,1.43388521671295,0.754444003105164,0.490946173667908,0.0881067588925362,0.0368729270994663,2017,23,Happy,0.013
Argentina,"Latin America and Caribbean",6.59899997711182,1.18529546260834,1.44045114517212,0.695137083530426,0.494519203901291,0.109457060694695,0.059739887714386,2017,24,Happy,-0.051
Mexico,"Latin America and Caribbean",6.57800006866455,1.15318381786346,1.210862159729,0.709978997707367,0.412730008363724,0.120990432798862,0.132774114608765,2017,25,Happy,-0.2
Singapore,"Southeastern Asia",6.57200002670288,1.69227766990662,1.35381436347961,0.949492394924164,0.549840569496155,0.345965981483459,0.46430778503418,2017,26,Happy,-0.167
Malta,"Western Europe",6.52699995040894,1.34327983856201,1.48841166496277,0.821944236755371,0.588767051696777,0.574730575084686,0.153066068887711,2017,27,Happy,0.039
Uruguay,"Latin America and Caribbean",6.4539999961853,1.21755969524384,1.41222786903381,0.719216823577881,0.57939225435257,0.175096929073334,0.178061872720718,2017,28,Happy,-0.091
Guatemala,"Latin America and Caribbean",6.4539999961853,0.872001945972443,1.25558519363403,0.540239989757538,0.531310617923737,0.283488392829895,0.0772232785820961,2017,28,Happy,0.13
Panama,"Latin America and Caribbean",6.4520001411438,1.23374843597412,1.37319254875183,0.706156134605408,0.550026834011078,0.21055693924427,0.070983923971653,2017,30,Happy,-0.249
France,"Western Europe",6.44199991226196,1.43092346191406,1.38777685165405,0.844465851783752,0.470222115516663,0.129762306809425,0.172502428293228,2017,31,Happy,-0.036
Thailand,"Southeastern Asia",6.42399978637695,1.12786877155304,1.42579245567322,0.647239029407501,0.580200731754303,0.572123110294342,0.0316127352416515,2017,32,Happy,-0.05
Taiwan,"Eastern Asia",6.42199993133545,1.43362653255463,1.38456535339355,0.793984234333038,0.361466586589813,0.258360475301743,0.0638292357325554,2017,33,Happy,0.043
Spain,"Western Europe",6.40299987792969,1.38439786434174,1.53209090232849,0.888960599899292,0.408781230449677,0.190133571624756,0.0709140971302986,2017,34,Happy,0.042
Qatar,"Middle East and Northern Africa",6.375,1.87076568603516,1.27429687976837,0.710098087787628,0.604130983352661,0.330473870038986,0.439299255609512,2017,35,Happy,0
Colombia,"Latin America and Caribbean",6.35699987411499,1.07062232494354,1.4021829366684,0.595027923583984,0.477487415075302,0.149014472961426,0.0466687418520451,2017,36,Happy,-0.124
"Saudi Arabia","Middle East and Northern Africa",6.3439998626709,1.53062355518341,1.28667759895325,0.590148329734802,0.449750572443008,0.147616013884544,0.27343225479126,2017,37,Happy,-0.035
"Trinidad and Tobago","Latin America and Caribbean",6.16800022125244,1.36135590076447,1.3802285194397,0.519983291625977,0.518630743026733,0.325296461582184,0.00896481610834599,2017,38,Happy,0
Kuwait,"Middle East and Northern Africa",6.10500001907349,1.63295245170593,1.25969874858856,0.632105708122253,0.496337592601776,0.228289797902107,0.215159550309181,2017,39,Happy,-0.134
Slovakia,"Central and Eastern Europe",6.09800004959106,1.32539355754852,1.50505924224854,0.712732911109924,0.295817464590073,0.136544480919838,0.0242108516395092,2017,40,Happy,0.02
Bahrain,"Middle East and Northern Africa",6.08699989318848,1.48841226100922,1.32311046123505,0.653133034706116,0.536746919155121,0.172668486833572,0.257042169570923,2017,41,Happy,-0.131
Malaysia,"Southeastern Asia",6.08400011062622,1.29121541976929,1.28464603424072,0.618784427642822,0.402264982461929,0.416608929634094,0.0656007081270218,2017,42,Happy,0.079
Nicaragua,"Latin America and Caribbean",6.07100009918213,0.737299203872681,1.28721570968628,0.653095960617065,0.447551846504211,0.301674216985703,0.130687981843948,2017,43,Happy,0.079
Ecuador,"Latin America and Caribbean",6.00799989700317,1.00082039833069,1.28616881370544,0.685636222362518,0.4551981985569,0.150112465023994,0.140134647488594,2017,44,Happy,0.032
"El Salvador","Latin America and Caribbean",6.00299978256226,0.909784495830536,1.18212509155273,0.596018552780151,0.432452529668808,0.0782579854130745,0.0899809598922729,2017,45,Happy,-0.065
Poland,"Central and Eastern Europe",5.97300004959106,1.29178786277771,1.44571197032928,0.699475347995758,0.520342111587524,0.158465966582298,0.0593078061938286,2017,46,Neutral,0.138
Uzbekistan,"Central and Eastern Europe",5.97100019454956,0.786441087722778,1.54896914958954,0.498272627592087,0.658248662948608,0.415983647108078,0.246528223156929,2017,47,Neutral,-0.016
Italy,"Western Europe",5.96400022506714,1.39506661891937,1.44492328166962,0.853144347667694,0.256450712680817,0.17278964817524,0.0280280914157629,2017,48,Neutral,-0.013
Russia,"Central and Eastern Europe",5.96299982070923,1.28177809715271,1.46928238868713,0.547349333763123,0.373783111572266,0.0522638224065304,0.0329628810286522,2017,49,Neutral,0.107
Belize,"Latin America and Caribbean",5.95599985122681,0.907975316047668,1.08141779899597,0.450191766023636,0.547509372234344,0.240015640854836,0.0965810716152191,2017,50,Neutral,-0
Japan,"Eastern Asia",5.92000007629395,1.41691517829895,1.43633782863617,0.913475871086121,0.505625545978546,0.12057276815176,0.163760736584663,2017,51,Neutral,-0.001
Lithuania,"Central and Eastern Europe",5.90199995040894,1.31458234786987,1.47351610660553,0.62894994020462,0.234231784939766,0.010164656676352,0.0118656428530812,2017,52,Neutral,0.089
Algeria,"Middle East and Northern Africa",5.87200021743774,1.09186446666718,1.1462174654007,0.617584645748138,0.233335807919502,0.0694366469979286,0.146096110343933,2017,53,Neutral,-0.483
Latvia,"Central and Eastern Europe",5.84999990463257,1.26074862480164,1.40471494197845,0.638566970825195,0.325707912445068,0.153074786067009,0.0738427266478539,2017,54,Neutral,0.29
"South Korea","Eastern Asia",5.83799982070923,1.40167844295502,1.12827444076538,0.900214076042175,0.257921665906906,0.206674367189407,0.0632826685905457,2017,55,Neutral,0.003
Moldova,"Central and Eastern Europe",5.83799982070923,0.728870630264282,1.25182557106018,0.589465200901031,0.240729048848152,0.208779126405716,0.0100912861526012,2017,55,Neutral,-0.059
Romania,"Central and Eastern Europe",5.82499980926514,1.21768391132355,1.15009129047394,0.685158312320709,0.457003742456436,0.133519917726517,0.00438790069893003,2017,57,Neutral,0.297
Bolivia,"Latin America and Caribbean",5.82299995422363,0.833756566047668,1.22761905193329,0.473630249500275,0.558732926845551,0.22556072473526,0.0604777261614799,2017,58,Neutral,0.001
Turkmenistan,"Central and Eastern Europe",5.82200002670288,1.13077676296234,1.49314916133881,0.437726080417633,0.41827192902565,0.24992498755455,0.259270340204239,2017,59,Neutral,0.164
Kazakhstan,"Central and Eastern Europe",5.81899976730347,1.28455626964569,1.38436901569366,0.606041550636292,0.437454283237457,0.201964423060417,0.119282886385918,2017,60,Neutral,-0.1
"Northern Cyprus","Western Europe",5.80999994277954,1.3469113111496,1.18630337715149,0.834647238254547,0.471203625202179,0.266845703125,0.155353352427483,2017,61,Neutral,0.039
Slovenia,"Central and Eastern Europe",5.75799989700317,1.3412059545517,1.45251882076263,0.790828227996826,0.572575807571411,0.242649093270302,0.0451289787888527,2017,62,Neutral,-0.01
Peru,"Latin America and Caribbean",5.71500015258789,1.03522527217865,1.21877038478851,0.630166113376617,0.450002878904343,0.126819714903831,0.0470490865409374,2017,63,Neutral,-0.028
Mauritius,"Sub-Saharan Africa",5.62900018692017,1.18939554691315,1.20956099033356,0.638007462024689,0.491247326135635,0.360933750867844,0.0421815551817417,2017,64,Neutral,-0.019
Cyprus,"Western Europe",5.62099981307983,1.35593807697296,1.13136327266693,0.84471470117569,0.355111539363861,0.271254301071167,0.0412379764020443,2017,65,Neutral,0.075
Estonia,"Central and Eastern Europe",5.61100006103516,1.32087934017181,1.47667109966278,0.695168316364288,0.479131430387497,0.0988908112049103,0.183248922228813,2017,66,Neutral,0.094
Belarus,"Central and Eastern Europe",5.56899976730347,1.15655755996704,1.44494521617889,0.637714266777039,0.295400261878967,0.15513750910759,0.156313821673393,2017,67,Neutral,-0.233
Libya,"Middle East and Northern Africa",5.52500009536743,1.10180306434631,1.35756433010101,0.520169019699097,0.465733230113983,0.152073666453362,0.0926102101802826,2017,68,Neutral,-0.09
Turkey,"Middle East and Northern Africa",5.5,1.19827437400818,1.33775317668915,0.637605607509613,0.300740599632263,0.0466930419206619,0.0996715798974037,2017,69,Neutral,0.111
Paraguay,"Latin America and Caribbean",5.49300003051758,0.932537317276001,1.50728487968445,0.579250693321228,0.473507791757584,0.224150657653809,0.091065913438797,2017,70,Neutral,-0.045
"Hong Kong","Eastern Asia",5.47200012207031,1.55167484283447,1.26279091835022,0.943062424659729,0.490968644618988,0.374465793371201,0.293933749198914,2017,71,Neutral,0.014
Philippines,"Southeastern Asia",5.42999982833862,0.85769921541214,1.25391757488251,0.468009054660797,0.585214674472809,0.193513423204422,0.0993318930268288,2017,72,Neutral,0.151
Serbia,"Central and Eastern Europe",5.39499998092651,1.06931757926941,1.25818979740143,0.65078467130661,0.208715528249741,0.220125883817673,0.0409037806093693,2017,73,Neutral,0.218
Jordan,"Middle East and Northern Africa",5.33599996566772,0.991012394428253,1.23908889293671,0.604590058326721,0.418421149253845,0.172170460224152,0.11980327218771,2017,74,Neutral,0.033
Hungary,"Central and Eastern Europe",5.32399988174438,1.2860119342804,1.34313309192657,0.687763452529907,0.175863519310951,0.0784016624093056,0.0366369374096394,2017,75,Neutral,0.179
Jamaica,"Latin America and Caribbean",5.31099987030029,0.925579309463501,1.36821806430817,0.641022384166718,0.474307239055634,0.233818337321281,0.0552677810192108,2017,76,Neutral,-0.199
Croatia,"Central and Eastern Europe",5.29300022125244,1.22255623340607,0.96798300743103,0.701288521289825,0.255772292613983,0.248002976179123,0.0431031100451946,2017,77,Neutral,-0.195
Kosovo,"Central and Eastern Europe",5.27899980545044,0.951484382152557,1.13785350322723,0.541452050209045,0.260287940502167,0.319931447505951,0.0574716180562973,2017,78,Neutral,-0.122
China,"Eastern Asia",5.27299976348877,1.08116579055786,1.16083741188049,0.741415500640869,0.472787708044052,0.0288068410009146,0.0227942746132612,2017,79,Neutral,0.028
Pakistan,"Southern Asia",5.26900005340576,0.72688353061676,0.672690689563751,0.402047783136368,0.23521526157856,0.315446019172668,0.124348066747189,2017,80,Neutral,0.137
Indonesia,"Southeastern Asia",5.26200008392334,0.995538592338562,1.27444469928741,0.492345720529556,0.443323463201523,0.611704587936401,0.0153171354904771,2017,81,Neutral,-0.052
Venezuela,"Latin America and Caribbean",5.25,1.12843120098114,1.43133759498596,0.617144227027893,0.153997123241425,0.0650196298956871,0.0644911229610443,2017,82,Neutral,-0.834
Montenegro,"Central and Eastern Europe",5.23699998855591,1.12112903594971,1.23837649822235,0.667464673519135,0.194989055395126,0.197911024093628,0.0881741940975189,2017,83,Neutral,0.076
Morocco,"Middle East and Northern Africa",5.2350001335144,0.878114581108093,0.774864435195923,0.59771066904068,0.408158332109451,0.0322099551558495,0.0877631828188896,2017,84,Neutral,0.084
Azerbaijan,"Central and Eastern Europe",5.23400020599365,1.15360176563263,1.15240025520325,0.540775775909424,0.398155838251114,0.0452693402767181,0.180987507104874,2017,85,Neutral,-0.057
"Dominican Republic","Latin America and Caribbean",5.23000001907349,1.07937383651733,1.40241670608521,0.574873745441437,0.55258983373642,0.186967849731445,0.113945253193378,2017,86,Neutral,0.075
Greece,"Western Europe",5.22700023651123,1.28948748111725,1.23941457271576,0.810198903083801,0.0957312509417534,0,0.04328977689147,2017,87,Neutral,0.194
Lebanon,"Middle East and Northern Africa",5.22499990463257,1.07498753070831,1.12962424755096,0.735081076622009,0.288515985012054,0.264450758695602,0.037513829767704,2017,88,Neutral,0.096
Portugal,"Western Europe",5.19500017166138,1.3151752948761,1.36704301834106,0.795843541622162,0.498465299606323,0.0951027125120163,0.0158694516867399,2017,89,Neutral,0.072
"Bosnia and Herzegovina","Central and Eastern Europe",5.18200016021729,0.982409417629242,1.0693359375,0.705186307430267,0.204403176903725,0.328867495059967,0,2017,90,Neutral,0.019
Honduras,"Latin America and Caribbean",5.18100023269653,0.730573117733002,1.14394497871399,0.582569479942322,0.348079860210419,0.236188873648643,0.0733454525470734,2017,91,Neutral,0.31
"North Macedonia","Central and Eastern Europe",5.17500019073486,1.06457793712616,1.20789301395416,0.644948184490204,0.325905978679657,0.25376096367836,0.0602777935564518,2017,92,Neutral,0.054
Somalia,"Sub-Saharan Africa",5.15100002288818,0.0226431842893362,0.721151351928711,0.113989137113094,0.602126955986023,0.291631311178207,0.282410323619843,2017,93,Neutral,-0.289
Vietnam,"Southeastern Asia",5.07399988174438,0.788547575473785,1.27749133110046,0.652168989181519,0.571055591106415,0.234968051314354,0.0876332372426987,2017,94,Neutral,0.013
Nigeria,"Sub-Saharan Africa",5.07399988174438,0.783756256103516,1.21577048301697,0.0569157302379608,0.394952565431595,0.230947196483612,0.0261215660721064,2017,94,Neutral,0.199
Tajikistan,"Central and Eastern Europe",5.04099988937378,0.524713635444641,1.27146327495575,0.529235124588013,0.471566706895828,0.248997643589973,0.146377146244049,2017,96,Neutral,0.045
Bhutan,"Southern Asia",5.01100015640259,0.885416388511658,1.34012651443481,0.495879292488098,0.501537680625916,0.474054545164108,0.173380389809608,2017,97,Neutral,-0.185
Kyrgyzstan,"Central and Eastern Europe",5.00400018692017,0.596220076084137,1.39423859119415,0.553457796573639,0.454943388700485,0.42858037352562,0.0394391790032387,2017,98,Neutral,-0.181
Nepal,"Southern Asia",4.96199989318848,0.479820191860199,1.17928326129913,0.504130780696869,0.440305948257446,0.394096165895462,0.0729755461215973,2017,99,Neutral,0.169
Mongolia,"Eastern Asia",4.95499992370605,1.02723586559296,1.4930112361908,0.557783484458923,0.394143968820572,0.338464230298996,0.0329022891819477,2017,100,Neutral,0.048
"South Africa","Sub-Saharan Africa",4.8289999961853,1.05469870567322,1.38478863239288,0.187080070376396,0.479246735572815,0.139362379908562,0.0725094974040985,2017,101,Neutral,0.37
Tunisia,"Middle East and Northern Africa",4.80499982833862,1.00726580619812,0.868351459503174,0.613212049007416,0.289680689573288,0.0496933571994305,0.0867231488227844,2017,102,Neutral,-0.24
"Palestinian Territories","Middle East and Northern Africa",4.77500009536743,0.716249227523804,1.15564715862274,0.565666973590851,0.25471106171608,0.114173173904419,0.0892826020717621,2017,103,Neutral,0.021
Egypt,"Middle East and Northern Africa",4.7350001335144,0.989701807498932,0.997471392154694,0.520187258720398,0.282110154628754,0.128631442785263,0.114381365478039,2017,104,Neutral,0.373
Bulgaria,"Central and Eastern Europe",4.71400022506714,1.1614590883255,1.43437945842743,0.708217680454254,0.289231717586517,0.113177694380283,0.0110515309497714,2017,105,Neutral,0.497
"Sierra Leone","Sub-Saharan Africa",4.70900011062622,0.36842092871666,0.984136044979095,0.00556475389748812,0.318697690963745,0.293040901422501,0.0710951760411263,2017,106,Neutral,0.074
Cameroon,"Sub-Saharan Africa",4.69500017166138,0.564305365085602,0.946018218994141,0.132892116904259,0.430388748645782,0.236298456788063,0.0513066314160824,2017,107,Neutral,0.182
Iran,"Middle East and Northern Africa",4.69199991226196,1.15687310695648,0.711551249027252,0.639333188533783,0.249322608113289,0.387242913246155,0.048761073499918,2017,108,Neutral,-0.121
Albania,"Central and Eastern Europe",4.64400005340576,0.996192753314972,0.803685247898102,0.731159746646881,0.381498634815216,0.201312944293022,0.0398642159998417,2017,109,Neutral,-0.011
Bangladesh,"Southern Asia",4.60799980163574,0.586682975292206,0.735131740570068,0.533241033554077,0.478356659412384,0.172255352139473,0.123717859387398,2017,110,Neutral,-0.035
Namibia,"Sub-Saharan Africa",4.57399988174438,0.964434325695038,1.0984708070755,0.33861181139946,0.520303547382355,0.0771337449550629,0.0931469723582268,2017,111,Neutral,-0
Kenya,"Sub-Saharan Africa",4.55299997329712,0.560479462146759,1.06795072555542,0.309988349676132,0.452763766050339,0.444860309362411,0.0646413192152977,2017,112,Neutral,0.197
Mozambique,"Sub-Saharan Africa",4.55000019073486,0.234305649995804,0.870701014995575,0.106654435396194,0.480791091918945,0.322228103876114,0.179436385631561,2017,113,Neutral,NULL
Myanmar,"Southeastern Asia",4.54500007629395,0.367110550403595,1.12323594093323,0.397522568702698,0.514492034912109,0.838075160980225,0.188816204667091,2017,114,Neutral,0.15
Senegal,"Sub-Saharan Africa",4.53499984741211,0.479309022426605,1.17969191074371,0.409362852573395,0.377922266721725,0.183468893170357,0.115460447967052,2017,115,Neutral,0.316
Zambia,"Sub-Saharan Africa",4.51399993896484,0.636406779289246,1.00318729877472,0.257835894823074,0.461603492498398,0.249580144882202,0.0782135501503944,2017,116,Neutral,-0.281
Iraq,"Middle East and Northern Africa",4.49700021743774,1.10271048545837,0.978613197803497,0.501180469989777,0.288555532693863,0.19963726401329,0.107215754687786,2017,117,Neutral,-0.078
Gabon,"Sub-Saharan Africa",4.46500015258789,1.1982102394104,1.1556202173233,0.356578588485718,0.312328577041626,0.0437853783369064,0.0760467872023582,2017,118,Neutral,0.344
Ethiopia,"Sub-Saharan Africa",4.46000003814697,0.339233845472336,0.86466920375824,0.353409707546234,0.408842742443085,0.312650740146637,0.165455713868141,2017,119,Neutral,-0.048
"Sri Lanka","Southern Asia",4.44000005722046,1.00985014438629,1.25997638702393,0.625130832195282,0.561213254928589,0.490863561630249,0.0736539661884308,2017,120,Neutral,0.025
Armenia,"Central and Eastern Europe",4.37599992752075,0.900596737861633,1.00748372077942,0.637524425983429,0.198303267359734,0.0834880918264389,0.0266744215041399,2017,121,Neutral,0.016
India,"Southern Asia",4.31500005722046,0.792221248149872,0.754372596740723,0.455427616834641,0.469987004995346,0.231538489460945,0.0922268852591515,2017,122,Neutral,-0.089
Mauritania,"Sub-Saharan Africa",4.29199981689453,0.648457288742065,1.2720308303833,0.285349279642105,0.0960980430245399,0.201870024204254,0.136957004666328,2017,123,Neutral,0.091
"Congo (Brazzaville)","Sub-Saharan Africa",4.29099988937378,0.808964252471924,0.832044363021851,0.28995743393898,0.435025870800018,0.120852127671242,0.0796181336045265,2017,124,Neutral,0.055
Georgia,"Central and Eastern Europe",4.28599977493286,0.950612664222717,0.57061493396759,0.649546980857849,0.309410035610199,0.0540088154375553,0.251666635274887,2017,125,Neutral,0.034
"Congo (Kinshasa)","Sub-Saharan Africa",4.28000020980835,0.0921023488044739,1.22902345657349,0.191407024860382,0.235961347818375,0.246455833315849,0.0602413564920425,2017,126,Neutral,0.008
Mali,"Sub-Saharan Africa",4.19000005722046,0.476180493831635,1.28147339820862,0.169365674257278,0.306613743305206,0.183354198932648,0.104970246553421,2017,127,Neutral,0.117
"Ivory Coast","Sub-Saharan Africa",4.17999982833862,0.603048920631409,0.904780030250549,0.0486421696841717,0.447706192731857,0.201237469911575,0.130061775445938,2017,128,Neutral,0.264
Cambodia,"Southeastern Asia",4.16800022125244,0.601765096187592,1.00623834133148,0.429783403873444,0.633375823497772,0.385922968387604,0.0681059509515762,2017,129,Neutral,0.261
Sudan,"Sub-Saharan Africa",4.13899993896484,0.65951669216156,1.21400856971741,0.290920823812485,0.0149958552792668,0.182317450642586,0.089847519993782,2017,130,Neutral,-0
Ghana,"Sub-Saharan Africa",4.11999988555908,0.667224824428558,0.873664736747742,0.295637726783752,0.423026293516159,0.256923943758011,0.0253363698720932,2017,131,Neutral,-0.156
Ukraine,"Central and Eastern Europe",4.09600019454956,0.89465194940567,1.39453756809235,0.575903952121735,0.122974775731564,0.270061463117599,0.0230294708162546,2017,132,Neutral,-0.228
Uganda,"Sub-Saharan Africa",4.08099985122681,0.381430715322495,1.12982773780823,0.217632606625557,0.443185955286026,0.325766056776047,0.057069718837738,2017,133,Neutral,0.342
"Burkina Faso","Sub-Saharan Africa",4.03200006484985,0.3502277135849,1.04328000545502,0.215844258666039,0.324367851018906,0.250864684581757,0.120328105986118,2017,134,Neutral,0.293
Niger,"Sub-Saharan Africa",4.02799987792969,0.161925330758095,0.993025004863739,0.26850500702858,0.36365869641304,0.228673845529556,0.138572946190834,2017,135,Neutral,0.172
Malawi,"Sub-Saharan Africa",3.97000002861023,0.233442038297653,0.512568831443787,0.315089583396912,0.466914653778076,0.287170469760895,0.0727116540074348,2017,136,Unhappy,-0.186
Chad,"Sub-Saharan Africa",3.93600010871887,0.438012987375259,0.953855872154236,0.0411347150802612,0.16234202682972,0.216113850474358,0.0535818822681904,2017,137,Unhappy,0.173
Zimbabwe,"Sub-Saharan Africa",3.875,0.375846534967422,1.08309590816498,0.196763753890991,0.336384207010269,0.189143493771553,0.0953753814101219,2017,138,Unhappy,-0.318
Lesotho,"Sub-Saharan Africa",3.80800008773804,0.521021246910095,1.19009518623352,0,0.390661299228668,0.157497271895409,0.119094640016556,2017,139,Unhappy,NULL
Angola,"Sub-Saharan Africa",3.79500007629395,0.858428180217743,1.10441195964813,0.0498686656355858,0,0.097926490008831,0.0697203353047371,2017,140,Unhappy,-0.071
Afghanistan,"Southern Asia",3.79399991035461,0.401477217674255,0.581543326377869,0.180746778845787,0.106179520487785,0.311870932579041,0.0611578300595284,2017,141,Unhappy,0.434
Botswana,"Sub-Saharan Africa",3.76600003242493,1.12209415435791,1.22155499458313,0.341755509376526,0.505196332931519,0.0993484482169151,0.0985831990838051,2017,142,Unhappy,-0.208
Benin,"Sub-Saharan Africa",3.65700006484985,0.431085407733917,0.435299843549728,0.209930211305618,0.425962775945663,0.207948461174965,0.0609290152788162,2017,143,Unhappy,0.173
Madagascar,"Sub-Saharan Africa",3.64400005340576,0.305808693170547,0.913020372390747,0.375223308801651,0.189196765422821,0.208732530474663,0.0672319754958153,2017,144,Unhappy,-0.051
Haiti,"Latin America and Caribbean",3.6029999256134,0.368610262870789,0.640449821949005,0.277321130037308,0.0303698573261499,0.489203780889511,0.0998721495270729,2017,145,Unhappy,-0.425
Yemen,"Middle East and Northern Africa",3.59299993515015,0.591683447360992,0.93538224697113,0.310080915689468,0.249463722109795,0.104125209152699,0.0567674227058887,2017,146,Unhappy,-0.131
"South Sudan","Sub-Saharan Africa",3.59100008010864,0.39724862575531,0.601323127746582,0.163486003875732,0.147062435746193,0.285670816898346,0.116793513298035,2017,147,Unhappy,-0.241
Liberia,"Sub-Saharan Africa",3.53299999237061,0.119041793048382,0.872117936611176,0.229918196797371,0.332881182432175,0.26654988527298,0.0389482490718365,2017,148,Unhappy,-0.089
Guinea,"Sub-Saharan Africa",3.50699996948242,0.244549930095673,0.791244685649872,0.194129139184952,0.348587512969971,0.264815092086792,0.110937617719173,2017,149,Unhappy,-0.1
Togo,"Sub-Saharan Africa",3.49499988555908,0.305444717407227,0.431882530450821,0.247105568647385,0.38042613863945,0.196896150708199,0.0956650152802467,2017,150,Unhappy,0.192
Rwanda,"Sub-Saharan Africa",3.47099995613098,0.368745893239975,0.945707023143768,0.326424807310104,0.581843852996826,0.252756029367447,0.455220013856888,2017,151,Unhappy,-0.044
Syria,"Middle East and Northern Africa",3.46199989318848,0.777153134346008,0.396102607250214,0.50053334236145,0.0815394446253777,0.493663728237152,0.151347130537033,2017,152,Unhappy,0.393
Tanzania,"Sub-Saharan Africa",3.34899997711182,0.511135876178741,1.04198980331421,0.364509284496307,0.390017777681351,0.354256361722946,0.0660351067781448,2017,153,Unhappy,-0.317
Burundi,"Sub-Saharan Africa",2.90499997138977,0.091622568666935,0.629793584346771,0.151610791683197,0.0599007532000542,0.204435184597969,0.0841479450464249,2017,154,Unhappy,-0
"Central African Republic","Sub-Saharan Africa",2.69300007820129,0,0,0.0187726859003305,0.270842045545578,0.280876487493515,0.0565650761127472,2017,155,Unhappy,NULL
Finland,"Western Europe",7.632,1.305,1.592,0.874,0.681,0.202,0.393,2018,1,Happy,0.163
Norway,"Western Europe",7.594,1.456,1.582,0.861,0.686,0.286,0.34,2018,2,Happy,0.057
Denmark,"Western Europe",7.555,1.351,1.59,0.868,0.683,0.284,0.408,2018,3,Happy,0.033
Iceland,"Western Europe",7.495,1.343,1.644,0.914,0.677,0.353,0.138,2018,4,Happy,-0.009
Switzerland,"Western Europe",7.487,1.42,1.549,0.927,0.66,0.256,0.357,2018,5,Happy,-0.007
Netherlands,"Western Europe",7.441,1.361,1.488,0.878,0.638,0.333,0.295,2018,6,Happy,0.064
Canada,"North America",7.328,1.33,1.532,0.896,0.653,0.321,0.291,2018,7,Happy,0.012
"New Zealand","Australia and New Zealand",7.324,1.268,1.601,0.876,0.669,0.365,0.389,2018,8,Happy,0.01
Sweden,"Western Europe",7.314,1.355,1.501,0.913,0.659,0.285,0.383,2018,9,Happy,0.03
Australia,"Australia and New Zealand",7.272,1.34,1.573,0.91,0.647,0.361,0.302,2018,10,Happy,-0.012
"United Kingdom","Western Europe",7.19,1.244,1.433,0.888,0.464,0.262,0.082,2018,11,Happy,0.476
Austria,"Western Europe",7.139,1.341,1.504,0.891,0.617,0.242,0.224,2018,12,Happy,0.133
"Costa Rica","Latin America and Caribbean",7.072,1.01,1.459,0.817,0.632,0.143,0.101,2018,13,Happy,-0.007
Ireland,"Western Europe",6.977,1.448,1.583,0.876,0.614,0.307,0.306,2018,14,Happy,-0
Germany,"Western Europe",6.965,1.34,1.474,0.861,0.586,0.273,0.28,2018,15,Happy,0.014
Belgium,"Western Europe",6.927,1.324,1.483,0.894,0.583,0.188,0.24,2018,16,Happy,0.036
Luxembourg,"Western Europe",6.91,1.576,1.52,0.896,0.632,0.196,0.321,2018,17,Happy,0.047
"United States","North America",6.886,1.398,1.471,0.819,0.547,0.291,0.133,2018,18,Happy,-0.107
Israel,"Middle East and Northern Africa",6.814,1.301,1.559,0.883,0.533,0.354,0.272,2018,19,Happy,-0.399
"Czech Republic","Central and Eastern Europe",6.711,1.233,1.489,0.854,0.543,0.064,0.034,2018,20,Happy,0.102
Malta,"Western Europe",6.627,1.27,1.525,0.884,0.645,0.376,0.142,2018,21,Happy,0.1
France,"Western Europe",6.489,1.293,1.466,0.908,0.52,0.098,0.176,2018,22,Happy,0.047
Mexico,"Latin America and Caribbean",6.488,1.038,1.252,0.761,0.479,0.069,0.095,2018,23,Happy,-0.09
Chile,"Latin America and Caribbean",6.476,1.131,1.331,0.808,0.431,0.197,0.061,2018,24,Happy,-0.176
Taiwan,"Eastern Asia",6.441,1.365,1.436,0.857,0.418,0.151,0.078,2018,25,Happy,0.019
Panama,"Latin America and Caribbean",6.43,1.112,1.438,0.759,0.597,0.125,0.063,2018,26,Happy,-0.022
Brazil,"Latin America and Caribbean",6.419,0.986,1.474,0.675,0.493,0.11,0.088,2018,27,Happy,-0.216
Argentina,"Latin America and Caribbean",6.388,1.073,1.468,0.744,0.57,0.062,0.054,2018,28,Happy,-0.211
Guatemala,"Latin America and Caribbean",6.382,0.781,1.268,0.608,0.604,0.179,0.071,2018,29,Happy,-0.072
Uruguay,"Latin America and Caribbean",6.379,1.093,1.459,0.771,0.625,0.13,0.155,2018,30,Happy,-0.075
Qatar,"Middle East and Northern Africa",6.374,1.649,1.303,0.748,0.654,0.256,0.171,2018,31,Happy,-0.001
"Saudi Arabia","Middle East and Northern Africa",6.371,1.379,1.331,0.633,0.509,0.098,0.127,2018,32,Happy,0.027
Singapore,"Southeastern Asia",6.343,1.529,1.451,1.008,0.631,0.261,0.457,2018,33,Happy,-0.229
Malaysia,"Southeastern Asia",6.322,1.161,1.258,0.669,0.356,0.311,0.059,2018,34,Happy,0.238
Spain,"Western Europe",6.31,1.251,1.538,0.965,0.449,0.142,0.074,2018,35,Happy,-0.093
Colombia,"Latin America and Caribbean",6.26,0.96,1.439,0.635,0.531,0.099,0.039,2018,36,Happy,-0.097
"Trinidad and Tobago","Latin America and Caribbean",6.192,1.223,1.492,0.564,0.575,0.171,0.019,2018,37,Happy,0.024
Slovakia,"Central and Eastern Europe",6.173,1.21,1.537,0.776,0.354,0.118,0.014,2018,38,Happy,0.075
"El Salvador","Latin America and Caribbean",6.167,0.806,1.231,0.639,0.461,0.065,0.082,2018,39,Happy,0.164
Nicaragua,"Latin America and Caribbean",6.141,0.668,1.319,0.7,0.527,0.208,0.128,2018,40,Happy,0.07
Poland,"Central and Eastern Europe",6.123,1.176,1.448,0.781,0.546,0.108,0.064,2018,41,Happy,0.15
Bahrain,"Middle East and Northern Africa",6.105,1.338,1.366,0.698,0.594,0.243,0.123,2018,42,Happy,0.018
Uzbekistan,"Central and Eastern Europe",6.096,0.719,1.584,0.605,0.724,0.328,0.259,2018,43,Happy,0.125
Kuwait,"Middle East and Northern Africa",6.083,1.474,1.301,0.675,0.554,0.167,0.106,2018,44,Happy,-0.022
Thailand,"Southeastern Asia",6.072,1.016,1.417,0.707,0.637,0.364,0.029,2018,45,Happy,-0.352
Italy,"Western Europe",6,1.264,1.501,0.946,0.281,0.137,0.028,2018,46,Happy,0.036
Ecuador,"Latin America and Caribbean",5.973,0.889,1.33,0.736,0.556,0.114,0.12,2018,47,Neutral,-0.035
Belize,"Latin America and Caribbean",5.956,0.807,1.101,0.474,0.593,0.183,0.089,2018,48,Neutral,0
Lithuania,"Central and Eastern Europe",5.952,1.197,1.527,0.716,0.35,0.026,0.006,2018,49,Neutral,0.05
Slovenia,"Central and Eastern Europe",5.948,1.219,1.506,0.856,0.633,0.16,0.051,2018,50,Neutral,0.19
Romania,"Central and Eastern Europe",5.945,1.116,1.219,0.726,0.528,0.088,0.001,2018,51,Neutral,0.12
Latvia,"Central and Eastern Europe",5.933,1.148,1.454,0.671,0.363,0.092,0.066,2018,52,Neutral,0.083
Japan,"Eastern Asia",5.915,1.294,1.462,0.988,0.553,0.079,0.15,2018,53,Neutral,-0.005
Mauritius,"Sub-Saharan Africa",5.891,1.09,1.387,0.684,0.584,0.245,0.05,2018,54,Neutral,0.262
Jamaica,"Latin America and Caribbean",5.89,0.819,1.493,0.693,0.575,0.096,0.031,2018,55,Neutral,0.579
"South Korea","Eastern Asia",5.875,1.266,1.204,0.955,0.244,0.175,0.051,2018,56,Neutral,0.037
"Northern Cyprus","Western Europe",5.835,1.229,1.211,0.909,0.495,0.179,0.154,2018,57,Neutral,0.025
Russia,"Central and Eastern Europe",5.81,1.151,1.479,0.599,0.399,0.065,0.025,2018,58,Neutral,-0.153
Kazakhstan,"Central and Eastern Europe",5.79,1.143,1.516,0.631,0.454,0.148,0.121,2018,59,Neutral,-0.029
Cyprus,"Western Europe",5.762,1.229,1.191,0.909,0.423,0.202,0.035,2018,60,Neutral,0.141
Bolivia,"Latin America and Caribbean",5.752,0.751,1.223,0.508,0.606,0.141,0.054,2018,61,Neutral,-0.071
Estonia,"Central and Eastern Europe",5.739,1.2,1.532,0.737,0.553,0.086,0.174,2018,62,Neutral,0.128
Paraguay,"Latin America and Caribbean",5.681,0.835,1.522,0.615,0.541,0.162,0.074,2018,63,Neutral,0.188
Peru,"Latin America and Caribbean",5.663,0.934,1.249,0.674,0.53,0.092,0.034,2018,64,Neutral,-0.052
Kosovo,"Central and Eastern Europe",5.662,0.855,1.23,0.578,0.448,0.274,0.023,2018,65,Neutral,0.383
Moldova,"Central and Eastern Europe",5.64,0.657,1.301,0.62,0.232,0.171,0,2018,66,Neutral,-0.198
Turkmenistan,"Central and Eastern Europe",5.636,1.016,1.533,0.517,0.417,0.199,0.037,2018,67,Neutral,-0.186
Hungary,"Central and Eastern Europe",5.62,1.171,1.401,0.732,0.259,0.061,0.022,2018,68,Neutral,0.296
Libya,"Middle East and Northern Africa",5.566,0.985,1.35,0.553,0.496,0.116,0.148,2018,69,Neutral,0.041
Philippines,"Southeastern Asia",5.524,0.775,1.312,0.513,0.643,0.12,0.105,2018,70,Neutral,0.094
Honduras,"Latin America and Caribbean",5.504,0.62,1.205,0.622,0.459,0.197,0.074,2018,71,Neutral,0.323
Belarus,"Central and Eastern Europe",5.483,1.039,1.498,0.7,0.307,0.101,0.154,2018,72,Neutral,-0.086
Turkey,"Middle East and Northern Africa",5.483,1.148,1.38,0.686,0.324,0.106,0.109,2018,72,Neutral,-0.017
Pakistan,"Southern Asia",5.472,0.652,0.81,0.424,0.334,0.216,0.113,2018,74,Neutral,0.203
"Hong Kong","Eastern Asia",5.43,1.405,1.29,1.03,0.524,0.246,0.291,2018,75,Neutral,-0.042
Portugal,"Western Europe",5.41,1.188,1.429,0.884,0.562,0.055,0.017,2018,76,Neutral,0.215
Serbia,"Central and Eastern Europe",5.398,0.975,1.369,0.685,0.288,0.134,0.043,2018,77,Neutral,0.003
Greece,"Western Europe",5.358,1.154,1.202,0.879,0.131,0,0.044,2018,78,Neutral,0.131
Lebanon,"Middle East and Northern Africa",5.358,0.965,1.179,0.785,0.503,0.214,0.136,2018,78,Neutral,0.133
Montenegro,"Central and Eastern Europe",5.347,1.017,1.279,0.729,0.259,0.111,0.081,2018,80,Neutral,0.11
Croatia,"Central and Eastern Europe",5.321,1.115,1.161,0.737,0.38,0.12,0.039,2018,81,Neutral,0.028
"Dominican Republic","Latin America and Caribbean",5.302,0.982,1.441,0.614,0.578,0.12,0.106,2018,82,Neutral,0.072
Algeria,"Middle East and Northern Africa",5.295,0.979,1.154,0.687,0.077,0.055,0.135,2018,83,Neutral,-0.577
Morocco,"Middle East and Northern Africa",5.254,0.779,0.797,0.669,0.46,0.026,0.074,2018,84,Neutral,0.019
China,"Eastern Asia",5.246,0.989,1.142,0.799,0.597,0.029,0.103,2018,85,Neutral,-0.027
Azerbaijan,"Central and Eastern Europe",5.201,1.024,1.161,0.603,0.43,0.031,0.176,2018,86,Neutral,-0.033
Tajikistan,"Central and Eastern Europe",5.199,0.474,1.166,0.598,0.292,0.187,0.034,2018,87,Neutral,0.158
"North Macedonia","Central and Eastern Europe",5.185,0.959,1.239,0.691,0.394,0.173,0.052,2018,88,Neutral,0.01
Jordan,"Middle East and Northern Africa",5.161,0.822,1.265,0.645,0.468,0.13,0.134,2018,89,Neutral,-0.175
Nigeria,"Sub-Saharan Africa",5.155,0.689,1.172,0.048,0.462,0.201,0.032,2018,90,Neutral,0.081
Kyrgyzstan,"Central and Eastern Europe",5.131,0.53,1.416,0.594,0.54,0.281,0.035,2018,91,Neutral,0.127
"Bosnia and Herzegovina","Central and Eastern Europe",5.129,0.915,1.078,0.758,0.28,0.216,0,2018,92,Neutral,-0.053
Mongolia,"Eastern Asia",5.125,0.914,1.517,0.575,0.395,0.253,0.032,2018,93,Neutral,0.17
Vietnam,"Southeastern Asia",5.103,0.715,1.365,0.702,0.618,0.177,0.079,2018,94,Neutral,0.029
Indonesia,"Southeastern Asia",5.093,0.899,1.215,0.522,0.538,0.484,0.018,2018,95,Neutral,-0.169
Bhutan,"Southern Asia",5.082,0.796,1.335,0.527,0.541,0.364,0.171,2018,96,Neutral,0.071
Somalia,"Sub-Saharan Africa",4.982,0,0.712,0.115,0.674,0.238,0.282,2018,97,Neutral,-0.169
Cameroon,"Sub-Saharan Africa",4.975,0.535,0.891,0.182,0.454,0.183,0.043,2018,98,Neutral,0.28
Bulgaria,"Central and Eastern Europe",4.933,1.054,1.515,0.712,0.359,0.064,0.009,2018,99,Neutral,0.219
Nepal,"Southern Asia",4.88,0.425,1.228,0.539,0.526,0.302,0.078,2018,100,Neutral,-0.082
Venezuela,"Latin America and Caribbean",4.806,0.996,1.469,0.657,0.133,0.056,0.052,2018,101,Neutral,-0.444
Gabon,"Sub-Saharan Africa",4.758,1.036,1.164,0.404,0.356,0.032,0.052,2018,102,Neutral,0.293
"Palestinian Territories","Middle East and Northern Africa",4.743,0.642,1.217,0.602,0.266,0.086,0.076,2018,103,Neutral,-0.032
"South Africa","Sub-Saharan Africa",4.724,0.94,1.41,0.33,0.516,0.103,0.056,2018,104,Neutral,-0.105
Iran,"Middle East and Northern Africa",4.707,1.059,0.771,0.691,0.459,0.282,0.129,2018,105,Neutral,0.015
"Ivory Coast","Sub-Saharan Africa",4.671,0.541,0.872,0.08,0.467,0.146,0.103,2018,106,Neutral,0.491
Ghana,"Sub-Saharan Africa",4.657,0.592,0.896,0.337,0.499,0.212,0.029,2018,107,Neutral,0.537
Senegal,"Sub-Saharan Africa",4.631,0.429,1.117,0.433,0.406,0.138,0.082,2018,108,Neutral,0.096
Laos,"Southeastern Asia",4.623,0.72,1.034,0.441,0.626,0.23,0.174,2018,109,Neutral,NULL
Tunisia,"Middle East and Northern Africa",4.592,0.9,0.906,0.69,0.271,0.04,0.063,2018,110,Neutral,-0.213
Albania,"Central and Eastern Europe",4.586,0.916,0.817,0.79,0.419,0.149,0.032,2018,111,Neutral,-0.058
"Sierra Leone","Sub-Saharan Africa",4.571,0.256,0.813,0,0.355,0.238,0.053,2018,112,Neutral,-0.138
"Congo (Brazzaville)","Sub-Saharan Africa",4.559,0.682,0.811,0.343,0.514,0.091,0.077,2018,113,Neutral,0.268
Bangladesh,"Southern Asia",4.5,0.532,0.85,0.579,0.58,0.153,0.144,2018,114,Neutral,-0.108
"Sri Lanka","Southern Asia",4.471,0.918,1.314,0.672,0.585,0.307,0.05,2018,115,Neutral,0.031
Iraq,"Middle East and Northern Africa",4.456,1.01,0.971,0.536,0.304,0.148,0.095,2018,116,Neutral,-0.041
Mali,"Sub-Saharan Africa",4.447,0.37,1.233,0.152,0.367,0.139,0.056,2018,117,Neutral,0.257
Namibia,"Sub-Saharan Africa",4.441,0.874,1.281,0.365,0.519,0.051,0.064,2018,118,Neutral,-0.133
Cambodia,"Southeastern Asia",4.433,0.549,1.088,0.457,0.696,0.256,0.065,2018,119,Neutral,0.265
"Burkina Faso","Sub-Saharan Africa",4.424,0.314,1.097,0.254,0.312,0.175,0.128,2018,120,Neutral,0.392
Egypt,"Middle East and Northern Africa",4.419,0.885,1.025,0.553,0.312,0.092,0.107,2018,121,Neutral,-0.316
Mozambique,"Sub-Saharan Africa",4.417,0.198,0.902,0.173,0.531,0.206,0.158,2018,122,Neutral,-0.133
Kenya,"Sub-Saharan Africa",4.41,0.493,1.048,0.454,0.504,0.352,0.055,2018,123,Neutral,-0.143
Zambia,"Sub-Saharan Africa",4.377,0.562,1.047,0.295,0.503,0.221,0.082,2018,124,Neutral,-0.137
Mauritania,"Sub-Saharan Africa",4.356,0.557,1.245,0.292,0.129,0.134,0.093,2018,125,Neutral,0.064
Ethiopia,"Sub-Saharan Africa",4.35,0.308,0.95,0.391,0.452,0.22,0.146,2018,126,Neutral,-0.11
Georgia,"Central and Eastern Europe",4.34,0.853,0.592,0.643,0.375,0.038,0.215,2018,127,Neutral,0.054
Armenia,"Central and Eastern Europe",4.321,0.816,0.99,0.666,0.26,0.077,0.028,2018,128,Neutral,-0.055
Myanmar,"Southeastern Asia",4.308,0.682,1.174,0.429,0.58,0.598,0.178,2018,129,Neutral,-0.237
Chad,"Sub-Saharan Africa",4.301,0.358,0.907,0.053,0.189,0.181,0.06,2018,130,Neutral,0.365
"Congo (Kinshasa)","Sub-Saharan Africa",4.245,0.069,1.136,0.204,0.312,0.197,0.052,2018,131,Neutral,-0.035
India,"Southern Asia",4.19,0.721,0.747,0.485,0.539,0.172,0.093,2018,132,Neutral,-0.125
Niger,"Sub-Saharan Africa",4.166,0.131,0.867,0.221,0.39,0.175,0.099,2018,133,Neutral,0.138
Uganda,"Sub-Saharan Africa",4.161,0.322,1.09,0.237,0.45,0.259,0.061,2018,134,Neutral,0.08
Benin,"Sub-Saharan Africa",4.141,0.378,0.372,0.24,0.44,0.163,0.067,2018,135,Neutral,0.484
Sudan,"Sub-Saharan Africa",4.139,0.605,1.24,0.312,0.016,0.134,0.082,2018,136,Neutral,0
Ukraine,"Central and Eastern Europe",4.103,0.793,1.413,0.609,0.163,0.187,0.011,2018,137,Neutral,0.007
Togo,"Sub-Saharan Africa",3.999,0.259,0.474,0.253,0.434,0.158,0.101,2018,138,Unhappy,0.504
Guinea,"Sub-Saharan Africa",3.964,0.344,0.792,0.211,0.394,0.185,0.094,2018,139,Unhappy,0.457
Lesotho,"Sub-Saharan Africa",3.808,0.472,1.215,0.079,0.423,0.116,0.112,2018,140,Unhappy,-0
Angola,"Sub-Saharan Africa",3.795,0.73,1.125,0.269,0,0.079,0.061,2018,141,Unhappy,-0
Madagascar,"Sub-Saharan Africa",3.774,0.262,0.908,0.402,0.221,0.155,0.049,2018,142,Unhappy,0.13
Zimbabwe,"Sub-Saharan Africa",3.692,0.357,1.094,0.248,0.406,0.132,0.099,2018,143,Unhappy,-0.183
Afghanistan,"Southern Asia",3.632,0.332,0.537,0.255,0.085,0.191,0.036,2018,144,Unhappy,-0.162
Botswana,"Sub-Saharan Africa",3.59,1.017,1.174,0.417,0.557,0.042,0.092,2018,145,Unhappy,-0.176
Malawi,"Sub-Saharan Africa",3.587,0.186,0.541,0.306,0.531,0.21,0.08,2018,146,Unhappy,-0.383
Haiti,"Latin America and Caribbean",3.582,0.315,0.714,0.289,0.025,0.392,0.104,2018,147,Unhappy,-0.021
Liberia,"Sub-Saharan Africa",3.495,0.076,0.858,0.267,0.419,0.206,0.03,2018,148,Unhappy,-0.038
Syria,"Middle East and Northern Africa",3.462,0.689,0.382,0.539,0.088,0.376,0.144,2018,149,Unhappy,0
Rwanda,"Sub-Saharan Africa",3.408,0.332,0.896,0.4,0.636,0.2,0.444,2018,150,Unhappy,-0.063
Yemen,"Middle East and Northern Africa",3.355,0.442,1.073,0.343,0.244,0.083,0.064,2018,151,Unhappy,-0.238
Tanzania,"Sub-Saharan Africa",3.303,0.455,0.991,0.381,0.481,0.27,0.097,2018,152,Unhappy,-0.046
"South Sudan","Sub-Saharan Africa",3.254,0.337,0.608,0.177,0.112,0.224,0.106,2018,153,Unhappy,-0.337
"Central African Republic","Sub-Saharan Africa",3.083,0.024,0,0.01,0.305,0.218,0.038,2018,154,Unhappy,0.39
Burundi,"Sub-Saharan Africa",2.905,0.091,0.627,0.145,0.065,0.149,0.076,2018,155,Unhappy,0
Finland,"Western Europe",7.769,1.34,1.587,0.986,0.596,0.153,0.393,2019,1,Happy,0.137
Denmark,"Western Europe",7.6,1.383,1.573,0.996,0.592,0.252,0.41,2019,2,Happy,0.045
Norway,"Western Europe",7.554,1.488,1.582,1.028,0.603,0.271,0.341,2019,3,Happy,-0.04
Iceland,"Western Europe",7.494,1.38,1.624,1.026,0.591,0.354,0.118,2019,4,Happy,-0.001
Netherlands,"Western Europe",7.488,1.396,1.522,0.999,0.557,0.322,0.298,2019,5,Happy,0.047
Switzerland,"Western Europe",7.48,1.452,1.526,1.052,0.572,0.263,0.343,2019,6,Happy,-0.007
Sweden,"Western Europe",7.343,1.387,1.487,1.009,0.574,0.267,0.373,2019,7,Happy,0.029
"New Zealand","Australia and New Zealand",7.307,1.303,1.557,1.026,0.585,0.33,0.38,2019,8,Happy,-0.017
Canada,"North America",7.278,1.365,1.505,1.039,0.584,0.285,0.308,2019,9,Happy,-0.05
Austria,"Western Europe",7.246,1.376,1.475,1.016,0.532,0.244,0.226,2019,10,Happy,0.107
Australia,"Australia and New Zealand",7.228,1.372,1.548,1.036,0.557,0.332,0.29,2019,11,Happy,-0.044
"Costa Rica","Latin America and Caribbean",7.167,1.034,1.441,0.963,0.558,0.144,0.093,2019,12,Happy,0.095
Israel,"Middle East and Northern Africa",7.139,1.276,1.455,1.029,0.371,0.261,0.082,2019,13,Happy,0.325
Luxembourg,"Western Europe",7.09,1.609,1.479,1.012,0.526,0.194,0.316,2019,14,Happy,0.18
"United Kingdom","Western Europe",7.054,1.333,1.538,0.996,0.45,0.348,0.278,2019,15,Happy,-0.136
Ireland,"Western Europe",7.021,1.499,1.553,0.999,0.516,0.298,0.31,2019,16,Happy,0.044
Germany,"Western Europe",6.985,1.373,1.454,0.987,0.495,0.261,0.265,2019,17,Happy,0.02
Belgium,"Western Europe",6.923,1.356,1.504,0.986,0.473,0.16,0.21,2019,18,Happy,-0.004
"United States","North America",6.892,1.433,1.457,0.874,0.454,0.28,0.128,2019,19,Happy,0.006
"Czech Republic","Central and Eastern Europe",6.852,1.269,1.487,0.92,0.457,0.046,0.036,2019,20,Happy,0.141
"United Arab Emirates","Middle East and Northern Africa",6.825,1.503,1.31,0.825,0.598,0.262,0.182,2019,21,Happy,NULL
Malta,"Western Europe",6.726,1.3,1.52,0.999,0.564,0.375,0.151,2019,22,Happy,0.099
Mexico,"Latin America and Caribbean",6.595,1.07,1.323,0.861,0.433,0.074,0.073,2019,23,Happy,0.107
France,"Western Europe",6.592,1.324,1.472,1.045,0.436,0.111,0.183,2019,24,Happy,0.103
Taiwan,"Eastern Asia",6.446,1.368,1.43,0.914,0.351,0.242,0.097,2019,25,Happy,0.005
Chile,"Latin America and Caribbean",6.444,1.159,1.369,0.92,0.357,0.187,0.056,2019,26,Happy,-0.032
Guatemala,"Latin America and Caribbean",6.436,0.8,1.269,0.746,0.535,0.175,0.078,2019,27,Happy,0.054
"Saudi Arabia","Middle East and Northern Africa",6.375,1.403,1.357,0.795,0.439,0.08,0.132,2019,28,Happy,0.004
Qatar,"Middle East and Northern Africa",6.374,1.684,1.313,0.871,0.555,0.22,0.167,2019,29,Happy,0
Spain,"Western Europe",6.354,1.286,1.484,1.062,0.362,0.153,0.079,2019,30,Happy,0.044
Panama,"Latin America and Caribbean",6.321,1.149,1.442,0.91,0.516,0.109,0.054,2019,31,Happy,-0.109
Brazil,"Latin America and Caribbean",6.3,1.004,1.439,0.802,0.39,0.099,0.086,2019,32,Happy,-0.119
Uruguay,"Latin America and Caribbean",6.293,1.124,1.465,0.891,0.523,0.127,0.15,2019,33,Happy,-0.086
Singapore,"Southeastern Asia",6.262,1.572,1.463,1.141,0.556,0.271,0.453,2019,34,Happy,-0.081
"El Salvador","Latin America and Caribbean",6.253,0.794,1.242,0.789,0.43,0.093,0.074,2019,35,Happy,0.086
Italy,"Western Europe",6.223,1.294,1.488,1.039,0.231,0.158,0.03,2019,36,Happy,0.223
Bahrain,"Middle East and Northern Africa",6.199,1.362,1.368,0.871,0.536,0.255,0.11,2019,37,Happy,0.094
Slovakia,"Central and Eastern Europe",6.198,1.246,1.504,0.881,0.334,0.121,0.014,2019,38,Happy,0.025
"Trinidad and Tobago","Latin America and Caribbean",6.192,1.231,1.477,0.713,0.489,0.185,0.016,2019,39,Happy,0
Poland,"Central and Eastern Europe",6.182,1.206,1.438,0.884,0.483,0.117,0.05,2019,40,Happy,0.059
Uzbekistan,"Central and Eastern Europe",6.174,0.745,1.529,0.756,0.631,0.322,0.24,2019,41,Happy,0.078
Lithuania,"Central and Eastern Europe",6.149,1.238,1.515,0.818,0.291,0.043,0.042,2019,42,Happy,0.197
Colombia,"Latin America and Caribbean",6.125,0.985,1.41,0.841,0.47,0.099,0.034,2019,43,Happy,-0.135
Slovenia,"Central and Eastern Europe",6.118,1.258,1.523,0.953,0.564,0.144,0.057,2019,44,Happy,0.17
Nicaragua,"Latin America and Caribbean",6.105,0.694,1.325,0.835,0.435,0.2,0.127,2019,45,Happy,-0.036
Kosovo,"Central and Eastern Europe",6.1,0.882,1.232,0.758,0.489,0.262,0.006,2019,46,Happy,0.438
Argentina,"Latin America and Caribbean",6.086,1.092,1.432,0.881,0.471,0.066,0.05,2019,47,Happy,-0.302
Romania,"Central and Eastern Europe",6.07,1.162,1.232,0.825,0.462,0.083,0.005,2019,48,Happy,0.125
Cyprus,"Western Europe",6.046,1.263,1.223,1.042,0.406,0.19,0.041,2019,49,Happy,0.284
Ecuador,"Latin America and Caribbean",6.028,0.912,1.312,0.868,0.498,0.126,0.087,2019,50,Happy,0.055
Kuwait,"Middle East and Northern Africa",6.021,1.5,1.319,0.808,0.493,0.142,0.097,2019,51,Happy,-0.062
Thailand,"Southeastern Asia",6.008,1.05,1.409,0.828,0.557,0.359,0.028,2019,52,Happy,-0.064
Latvia,"Central and Eastern Europe",5.94,1.187,1.465,0.812,0.264,0.075,0.064,2019,53,Neutral,0.007
"South Korea","Eastern Asia",5.895,1.301,1.219,1.036,0.159,0.175,0.056,2019,54,Neutral,0.02
Estonia,"Central and Eastern Europe",5.893,1.237,1.528,0.874,0.495,0.103,0.161,2019,55,Neutral,0.154
Jamaica,"Latin America and Caribbean",5.89,0.831,1.478,0.831,0.49,0.107,0.028,2019,56,Neutral,0
Mauritius,"Sub-Saharan Africa",5.888,1.12,1.402,0.798,0.498,0.215,0.06,2019,57,Neutral,-0.003
Japan,"Eastern Asia",5.886,1.327,1.419,1.088,0.445,0.069,0.14,2019,58,Neutral,-0.029
Honduras,"Latin America and Caribbean",5.86,0.642,1.236,0.828,0.507,0.246,0.078,2019,59,Neutral,0.356
Kazakhstan,"Central and Eastern Europe",5.809,1.173,1.508,0.729,0.41,0.146,0.096,2019,60,Neutral,0.019
Bolivia,"Latin America and Caribbean",5.779,0.776,1.209,0.706,0.511,0.137,0.064,2019,61,Neutral,0.027
Hungary,"Central and Eastern Europe",5.758,1.201,1.41,0.828,0.199,0.081,0.02,2019,62,Neutral,0.138
Paraguay,"Latin America and Caribbean",5.743,0.855,1.475,0.777,0.514,0.184,0.08,2019,63,Neutral,0.062
"Northern Cyprus","Western Europe",5.718,1.263,1.252,1.042,0.417,0.191,0.162,2019,64,Neutral,-0.117
Peru,"Latin America and Caribbean",5.697,0.96,1.274,0.854,0.455,0.083,0.027,2019,65,Neutral,0.034
Portugal,"Western Europe",5.693,1.221,1.431,0.999,0.508,0.047,0.025,2019,66,Neutral,0.283
Pakistan,"Southern Asia",5.653,0.677,0.886,0.535,0.313,0.22,0.098,2019,67,Neutral,0.181
Russia,"Central and Eastern Europe",5.648,1.183,1.452,0.726,0.334,0.082,0.031,2019,68,Neutral,-0.162
Philippines,"Southeastern Asia",5.631,0.807,1.293,0.657,0.558,0.117,0.107,2019,69,Neutral,0.107
Serbia,"Central and Eastern Europe",5.603,1.004,1.383,0.854,0.282,0.137,0.039,2019,70,Neutral,0.205
Moldova,"Central and Eastern Europe",5.529,0.685,1.328,0.739,0.245,0.181,0,2019,71,Neutral,-0.111
Libya,"Middle East and Northern Africa",5.525,1.044,1.303,0.673,0.416,0.133,0.152,2019,72,Neutral,-0.041
Montenegro,"Central and Eastern Europe",5.523,1.051,1.361,0.871,0.197,0.142,0.08,2019,73,Neutral,0.176
Tajikistan,"Central and Eastern Europe",5.467,0.493,1.098,0.718,0.389,0.23,0.144,2019,74,Neutral,0.268
Croatia,"Central and Eastern Europe",5.432,1.155,1.266,0.914,0.296,0.119,0.022,2019,75,Neutral,0.111
"Hong Kong","Eastern Asia",5.43,1.438,1.277,1.122,0.44,0.258,0.287,2019,76,Neutral,0
"Dominican Republic","Latin America and Caribbean",5.425,1.015,1.401,0.779,0.497,0.113,0.101,2019,77,Neutral,0.123
"Bosnia and Herzegovina","Central and Eastern Europe",5.386,0.945,1.212,0.845,0.212,0.263,0.006,2019,78,Neutral,0.257
Turkey,"Middle East and Northern Africa",5.373,1.183,1.36,0.808,0.195,0.083,0.106,2019,79,Neutral,-0.11
Malaysia,"Southeastern Asia",5.339,1.221,1.171,0.828,0.508,0.26,0.024,2019,80,Neutral,-0.983
Belarus,"Central and Eastern Europe",5.323,1.067,1.465,0.789,0.235,0.094,0.142,2019,81,Neutral,-0.16
Greece,"Western Europe",5.287,1.181,1.156,0.999,0.067,0,0.034,2019,82,Neutral,-0.071
Mongolia,"Eastern Asia",5.285,0.948,1.531,0.667,0.317,0.235,0.038,2019,83,Neutral,0.16
"North Macedonia","Central and Eastern Europe",5.274,0.983,1.294,0.838,0.345,0.185,0.034,2019,84,Neutral,0.089
Nigeria,"Sub-Saharan Africa",5.265,0.696,1.111,0.245,0.426,0.215,0.041,2019,85,Neutral,0.11
Kyrgyzstan,"Central and Eastern Europe",5.261,0.551,1.438,0.723,0.508,0.3,0.023,2019,86,Neutral,0.13
Turkmenistan,"Central and Eastern Europe",5.247,1.052,1.538,0.657,0.394,0.244,0.028,2019,87,Neutral,-0.389
Algeria,"Middle East and Northern Africa",5.211,1.002,1.16,0.785,0.086,0.073,0.114,2019,88,Neutral,-0.084
Morocco,"Middle East and Northern Africa",5.208,0.801,0.782,0.782,0.418,0.036,0.076,2019,89,Neutral,-0.046
Azerbaijan,"Central and Eastern Europe",5.208,1.043,1.147,0.769,0.351,0.035,0.182,2019,89,Neutral,0.007
Lebanon,"Middle East and Northern Africa",5.197,0.987,1.224,0.815,0.216,0.166,0.027,2019,91,Neutral,-0.161
Indonesia,"Southeastern Asia",5.192,0.931,1.203,0.66,0.491,0.498,0.028,2019,92,Neutral,0.099
China,"Eastern Asia",5.191,1.029,1.125,0.893,0.521,0.058,0.1,2019,93,Neutral,-0.055
Vietnam,"Southeastern Asia",5.175,0.741,1.346,0.851,0.543,0.147,0.073,2019,94,Neutral,0.072
Bhutan,"Southern Asia",5.082,0.813,1.321,0.604,0.457,0.37,0.167,2019,95,Neutral,0
Cameroon,"Sub-Saharan Africa",5.044,0.549,0.91,0.331,0.381,0.187,0.037,2019,96,Neutral,0.069
Bulgaria,"Central and Eastern Europe",5.011,1.092,1.513,0.815,0.311,0.081,0.004,2019,97,Neutral,0.078
Ghana,"Sub-Saharan Africa",4.996,0.611,0.868,0.486,0.381,0.245,0.04,2019,98,Neutral,0.339
"Ivory Coast","Sub-Saharan Africa",4.944,0.569,0.808,0.232,0.352,0.154,0.09,2019,99,Neutral,0.273
Nepal,"Southern Asia",4.913,0.446,1.226,0.677,0.439,0.285,0.089,2019,100,Neutral,0.033
Jordan,"Middle East and Northern Africa",4.906,0.837,1.225,0.815,0.383,0.11,0.13,2019,101,Neutral,-0.255
Benin,"Sub-Saharan Africa",4.883,0.393,0.437,0.397,0.349,0.175,0.082,2019,102,Neutral,0.742
"Congo (Brazzaville)","Sub-Saharan Africa",4.812,0.673,0.799,0.508,0.372,0.105,0.093,2019,103,Neutral,0.253
Gabon,"Sub-Saharan Africa",4.799,1.057,1.183,0.571,0.295,0.043,0.055,2019,104,Neutral,0.041
Laos,"Southeastern Asia",4.796,0.764,1.03,0.551,0.547,0.266,0.164,2019,105,Neutral,0.173
"South Africa","Sub-Saharan Africa",4.722,0.96,1.351,0.469,0.389,0.13,0.055,2019,106,Neutral,-0.002
Albania,"Central and Eastern Europe",4.719,0.947,0.848,0.874,0.383,0.178,0.027,2019,107,Neutral,0.133
Venezuela,"Latin America and Caribbean",4.707,0.96,1.427,0.805,0.154,0.064,0.047,2019,108,Neutral,-0.099
Cambodia,"Southeastern Asia",4.7,0.574,1.122,0.637,0.609,0.232,0.062,2019,109,Neutral,0.267
"Palestinian Territories","Middle East and Northern Africa",4.696,0.657,1.247,0.672,0.225,0.103,0.066,2019,110,Neutral,-0.047
Senegal,"Sub-Saharan Africa",4.681,0.45,1.134,0.571,0.292,0.153,0.072,2019,111,Neutral,0.05
Somalia,"Sub-Saharan Africa",4.668,0,0.698,0.268,0.559,0.243,0.27,2019,112,Neutral,-0.314
Namibia,"Sub-Saharan Africa",4.639,0.879,1.313,0.477,0.401,0.07,0.056,2019,113,Neutral,0.198
Niger,"Sub-Saharan Africa",4.628,0.138,0.774,0.366,0.318,0.188,0.102,2019,114,Neutral,0.462
"Burkina Faso","Sub-Saharan Africa",4.587,0.331,1.056,0.38,0.255,0.177,0.113,2019,115,Neutral,0.163
Armenia,"Central and Eastern Europe",4.559,0.85,1.055,0.815,0.283,0.095,0.064,2019,116,Neutral,0.238
Iran,"Middle East and Northern Africa",4.548,1.1,0.842,0.785,0.305,0.27,0.125,2019,117,Neutral,-0.159
Guinea,"Sub-Saharan Africa",4.534,0.38,0.829,0.375,0.332,0.207,0.086,2019,118,Neutral,0.57
Georgia,"Central and Eastern Europe",4.519,0.886,0.666,0.752,0.346,0.043,0.164,2019,119,Neutral,0.179
Gambia,"Sub-Saharan Africa",4.516,0.308,0.939,0.428,0.382,0.269,0.167,2019,120,Neutral,NULL
Kenya,"Sub-Saharan Africa",4.509,0.512,0.983,0.581,0.431,0.372,0.053,2019,121,Neutral,0.099
Mauritania,"Sub-Saharan Africa",4.49,0.57,1.167,0.489,0.066,0.106,0.088,2019,122,Neutral,0.134
Mozambique,"Sub-Saharan Africa",4.466,0.204,0.986,0.39,0.494,0.197,0.138,2019,123,Neutral,0.049
Tunisia,"Middle East and Northern Africa",4.461,0.921,1,0.815,0.167,0.059,0.055,2019,124,Neutral,-0.131
Bangladesh,"Southern Asia",4.456,0.562,0.928,0.723,0.527,0.166,0.143,2019,125,Neutral,-0.044
Iraq,"Middle East and Northern Africa",4.437,1.043,0.98,0.574,0.241,0.148,0.089,2019,126,Neutral,-0.019
"Congo (Kinshasa)","Sub-Saharan Africa",4.418,0.094,1.125,0.357,0.269,0.212,0.053,2019,127,Neutral,0.173
Mali,"Sub-Saharan Africa",4.39,0.385,1.105,0.308,0.327,0.153,0.052,2019,128,Neutral,-0.057
"Sierra Leone","Sub-Saharan Africa",4.374,0.268,0.841,0.242,0.309,0.252,0.045,2019,129,Neutral,-0.197
"Sri Lanka","Southern Asia",4.366,0.949,1.265,0.831,0.47,0.244,0.047,2019,130,Neutral,-0.105
Myanmar,"Southeastern Asia",4.36,0.71,1.181,0.555,0.525,0.566,0.172,2019,131,Neutral,0.052
Chad,"Sub-Saharan Africa",4.35,0.35,0.766,0.192,0.174,0.198,0.078,2019,132,Neutral,0.049
Ukraine,"Central and Eastern Europe",4.332,0.82,1.39,0.739,0.178,0.187,0.01,2019,133,Neutral,0.229
Ethiopia,"Sub-Saharan Africa",4.286,0.336,1.033,0.532,0.344,0.209,0.1,2019,134,Neutral,-0.064
Swaziland,"Sub-Saharan Africa",4.212,0.811,1.149,0,0.313,0.074,0.135,2019,135,Neutral,NULL
Uganda,"Sub-Saharan Africa",4.189,0.332,1.069,0.443,0.356,0.252,0.06,2019,136,Neutral,0.028
Egypt,"Middle East and Northern Africa",4.166,0.913,1.039,0.644,0.241,0.076,0.067,2019,137,Neutral,-0.253
Zambia,"Sub-Saharan Africa",4.107,0.578,1.058,0.426,0.431,0.247,0.087,2019,138,Neutral,-0.27
Togo,"Sub-Saharan Africa",4.085,0.275,0.572,0.41,0.293,0.177,0.085,2019,139,Neutral,0.086
India,"Southern Asia",4.015,0.755,0.765,0.588,0.498,0.2,0.085,2019,140,Neutral,-0.175
Liberia,"Sub-Saharan Africa",3.975,0.073,0.922,0.443,0.37,0.233,0.033,2019,141,Unhappy,0.48
Comoros,"Sub-Saharan Africa",3.973,0.274,0.757,0.505,0.142,0.275,0.078,2019,142,Unhappy,NULL
Madagascar,"Sub-Saharan Africa",3.933,0.274,0.916,0.555,0.148,0.169,0.041,2019,143,Unhappy,0.159
Lesotho,"Sub-Saharan Africa",3.802,0.489,1.169,0.168,0.359,0.107,0.093,2019,144,Unhappy,-0.006
Burundi,"Sub-Saharan Africa",3.775,0.046,0.447,0.38,0.22,0.176,0.18,2019,145,Unhappy,0.87
Zimbabwe,"Sub-Saharan Africa",3.663,0.366,1.114,0.433,0.361,0.151,0.089,2019,146,Unhappy,-0.029
Haiti,"Latin America and Caribbean",3.597,0.323,0.688,0.449,0.026,0.419,0.11,2019,147,Unhappy,0.015
Botswana,"Sub-Saharan Africa",3.488,1.041,1.145,0.538,0.455,0.025,0.1,2019,148,Unhappy,-0.102
Syria,"Middle East and Northern Africa",3.462,0.619,0.378,0.44,0.013,0.331,0.141,2019,149,Unhappy,0
Malawi,"Sub-Saharan Africa",3.41,0.191,0.56,0.495,0.443,0.218,0.089,2019,150,Unhappy,-0.177
Yemen,"Middle East and Northern Africa",3.38,0.287,1.163,0.463,0.143,0.108,0.077,2019,151,Unhappy,0.025
Rwanda,"Sub-Saharan Africa",3.334,0.359,0.711,0.614,0.555,0.217,0.411,2019,152,Unhappy,-0.074
Tanzania,"Sub-Saharan Africa",3.231,0.476,0.885,0.499,0.417,0.276,0.147,2019,153,Unhappy,-0.072
Afghanistan,"Southern Asia",3.203,0.35,0.517,0.361,0,0.158,0.025,2019,154,Unhappy,-0.429
"Central African Republic","Sub-Saharan Africa",3.083,0.026,0,0.105,0.225,0.235,0.035,2019,155,Unhappy,0
"South Sudan","Sub-Saharan Africa",2.853,0.306,0.575,0.295,0.01,0.202,0.091,2019,156,Unhappy,-0.401
